,1M Frames,2M Frames,3M Frames,4M Frames,5M Frames,6M Frames,7M Frames,8M Frames,9M Frames,10M Frames,11M Frames,12M Frames,13M Frames,14M Frames,15M Frames,16M Frames,17M Frames,18M Frames,19M Frames,20M Frames,21M Frames,22M Frames,23M Frames,24M Frames,25M Frames,26M Frames,27M Frames,28M Frames,29M Frames,30M Frames,31M Frames,32M Frames,33M Frames,34M Frames,35M Frames,36M Frames,37M Frames,38M Frames,39M Frames,40M Frames,41M Frames,42M Frames,43M Frames,44M Frames,45M Frames,46M Frames,47M Frames,48M Frames,49M Frames,50M Frames,51M Frames,52M Frames,53M Frames,54M Frames,55M Frames,56M Frames,57M Frames,58M Frames,59M Frames,60M Frames,61M Frames,62M Frames,63M Frames,64M Frames,65M Frames,66M Frames,67M Frames,68M Frames,69M Frames,70M Frames,71M Frames,72M Frames,73M Frames,74M Frames,75M Frames,76M Frames,77M Frames,78M Frames,79M Frames,80M Frames,81M Frames,82M Frames,83M Frames,84M Frames,85M Frames,86M Frames,87M Frames,88M Frames,89M Frames,90M Frames,91M Frames,92M Frames,93M Frames,94M Frames,95M Frames,96M Frames,97M Frames,98M Frames,99M Frames,100M Frames,101M Frames,102M Frames,103M Frames,104M Frames,105M Frames,106M Frames,107M Frames,108M Frames,109M Frames,110M Frames,111M Frames,112M Frames,113M Frames,114M Frames,115M Frames,116M Frames,117M Frames,118M Frames,119M Frames,120M Frames,121M Frames,122M Frames,123M Frames,124M Frames,125M Frames,126M Frames,127M Frames,128M Frames,129M Frames,130M Frames,131M Frames,132M Frames,133M Frames,134M Frames,135M Frames,136M Frames,137M Frames,138M Frames,139M Frames,140M Frames,141M Frames,142M Frames,143M Frames,144M Frames,145M Frames,146M Frames,147M Frames,148M Frames,149M Frames,150M Frames,151M Frames,152M Frames,153M Frames,154M Frames,155M Frames,156M Frames,157M Frames,158M Frames,159M Frames,160M Frames,161M Frames,162M Frames,163M Frames,164M Frames,165M Frames,166M Frames,167M Frames,168M Frames,169M Frames,170M Frames,171M Frames,172M Frames,173M Frames,174M Frames,175M Frames,176M Frames,177M Frames,178M Frames,179M Frames,180M Frames,181M Frames,182M Frames,183M Frames,184M Frames,185M Frames,186M Frames,187M Frames,188M Frames,189M Frames,190M Frames,191M Frames,192M Frames,193M Frames,194M Frames,195M Frames,196M Frames,197M Frames,198M Frames,199M Frames,200M Frames
AirRaid,18.25,641.75,455.25,2296.5,4863.0,5333.5,5107.5,6223.25,7153.0,7087.5,6867.25,6716.25,6914.25,6813.5,7482.5,7823.25,8786.75,9421.75,6789.25,10435.25,11031.75,7213.0,12611.0,11382.0,12962.75,17320.5,11772.0,12489.75,13620.0,9103.0,13360.0,19325.5,13348.75,13147.5,12480.25,8818.0,12242.5,30747.0,10372.5,10899.75,14752.5,15988.75,13656.25,9099.5,31216.75,10534.0,13030.5,17922.5,13947.5,11855.75,14970.5,16941.5,12276.25,17625.0,19470.5,16514.25,14784.25,12996.25,15658.75,16200.5,24302.25,13694.75,20734.75,9760.0,15660.75,21460.75,18660.75,24280.5,20608.25,13569.5,17000.25,14830.75,23294.0,15380.25,18709.0,20248.0,16120.75,15233.5,13716.5,19887.0,10092.25,29308.5,14114.25,10581.5,26898.5,24990.5,14075.25,10520.75,22991.75,19047.5,26286.0,12317.25,17897.75,10697.0,18160.5,24569.75,17603.0,14634.5,17096.25,21132.5,18288.0,10626.0,22794.5,18321.0,13063.25,12890.25,10943.5,21350.75,20148.25,16344.0,10965.75,22003.0,24584.0,15089.0,18353.0,14683.25,10586.5,12941.0,15493.75,22651.25,12678.0,11888.75,17211.25,18010.25,12883.75,12367.0,12033.75,12675.5,22532.5,10148.25,10856.0,18486.0,13896.0,16143.75,14231.5,12459.0,12093.75,13624.5,8605.25,11138.0,13115.5,14115.25,27042.0,17249.0,13860.5,16291.75,8611.25,10616.0,20997.5,30940.5,37121.0,13288.5,17319.0,17720.75,16110.25,18844.75,25819.25,21837.25,13520.5,10174.0,17837.5,11635.75,24490.0,20664.5,17828.25,12122.25,11251.0,20823.75,13742.75,44654.75,27994.25,19309.75,13417.25,12240.0,11626.75,18587.75,25590.25,20320.5,13293.75,16940.25,17645.25,13946.0,13534.75,17239.5,13162.5,15209.0,16069.5,23806.5,15329.5,12466.25,23341.0,28875.5,17341.25,17364.25,16597.5,15877.5,12775.25,53543.5,21280.5,22045.25
Alien,46.8,462.5,510.2,612.4,650.0,896.1,1053.1,1503.3,1346.8,1234.3,1255.4,1562.6,1703.7,2069.0,2294.1,2044.9,2432.9,1999.3,1886.2,4416.0,4201.1,3249.8,3150.6,2357.1,2477.5,3286.3,2468.8,2573.3,3364.4,2877.8,4620.2,3677.7,3151.4,3762.5,4027.8,4574.6,4783.7,5085.5,6156.0,5293.8,6029.8,6791.6,7523.1,7647.6,7354.3,7547.8,6553.0,7131.7,6839.3,6643.0,6979.2,6255.4,7702.0,6468.3,7876.2,6278.0,7839.2,9218.0,9682.1,8827.8,9746.4,7749.5,7342.1,8245.1,8474.1,7441.8,7019.2,8068.1,8616.7,7536.8,8672.6,9621.1,7929.0,4913.6,8182.5,9831.9,9019.6,8679.7,9699.8,11996.0,11246.3,11817.6,11051.4,14343.9,12428.8,10042.0,10937.1,10164.0,10979.3,9865.8,11313.7,11444.2,8666.6,11804.4,8439.9,12027.8,11613.0,10712.3,8294.6,11475.2,10495.6,11450.2,9481.2,11271.8,11540.4,12553.5,9709.2,9758.8,10385.8,9483.6,11128.9,12839.9,13174.7,12541.9,10334.9,13459.8,11174.7,13070.3,12039.4,13580.3,11297.4,10215.7,9084.3,10234.5,15210.8,13614.4,17048.5,12262.0,14264.0,13297.8,12907.1,13298.6,13319.6,13942.2,11261.3,15812.4,13119.4,14561.6,14047.7,12616.4,13226.5,13353.0,12431.6,13371.6,14322.7,11951.4,12940.1,14788.9,14112.2,15899.6,13176.4,11767.9,14804.3,14444.9,17212.5,18084.1,14778.3,14305.5,16137.2,15856.9,15012.1,14897.2,14571.6,15949.3,15255.7,13546.7,14379.2,15165.2,14766.8,15568.9,13026.3,13490.3,14595.2,16338.0,13816.6,16760.2,18511.4,16241.3,14937.9,15972.4,19149.3,15056.9,18521.0,16175.9,17511.0,15683.1,17284.7,15765.6,17748.4,13722.0,18909.5,15350.1,17604.3,15846.6,17625.1,16377.4,15536.0,17858.7,15116.8,15806.6
Amidar,27.64,33.69,25.49,47.47,69.95,103.99,93.15,100.78,93.33,112.71,130.96,155.42,145.77,173.35,230.35,142.14,231.57,309.21,379.75,354.85,286.79,469.93,519.89,493.29,714.98,725.07,676.05,907.92,964.51,896.46,1125.12,1035.79,1046.75,1125.55,1244.85,1126.28,1087.83,1420.64,1280.39,1713.38,1840.96,1580.03,1394.65,1735.75,1709.34,1412.97,986.25,878.49,1353.39,1336.9,1701.87,1498.76,1729.35,1735.99,1610.96,1811.48,1584.51,2090.15,1586.6,2025.25,2339.87,2332.15,2723.36,2276.95,1690.89,2450.75,2224.99,2185.06,2957.7,2071.38,2838.13,3095.86,3197.56,2728.0,3054.07,3065.52,2442.37,2611.22,2824.83,3244.25,3180.26,3475.43,2600.77,2853.35,2699.81,2506.4,2376.3,2698.96,3120.68,3326.57,2414.04,3164.83,3608.64,2218.41,2950.71,2905.45,3087.6,2748.75,3611.16,3347.01,2587.93,3147.17,1727.08,3002.66,3125.09,3298.74,2681.56,2517.73,1889.58,2303.25,2960.9,3149.23,3160.74,2397.59,1933.85,3416.65,2888.59,2635.12,1707.11,1343.98,2538.61,2739.28,2985.23,2497.52,2656.54,2420.49,2670.36,4987.37,4684.97,3037.16,4327.06,4711.99,6333.43,5571.95,4665.62,1752.36,5315.46,2212.03,5582.59,4441.73,6178.17,6878.63,6665.42,5785.84,4070.17,5369.44,5055.39,7406.27,7532.43,6160.65,6992.87,6184.3,5719.44,5795.74,4507.15,3438.41,5997.0,2175.65,9328.19,13092.78,7504.65,11280.92,6782.04,10268.81,14039.67,14236.67,8350.4,4608.65,12184.4,13942.17,10831.17,10731.31,4723.81,9969.27,2829.37,13668.81,3691.72,4061.38,8712.65,4116.23,4478.2,14267.11,3019.99,822.4,11135.0,6255.47,4338.72,12103.44,3111.11,4458.69,9923.02,14578.21,780.98,13120.27,17807.62,8740.96,10428.3,13322.84,5932.82,6726.73
Assault,365.4,370.02,624.74,831.05,807.33,886.51,1230.49,1123.37,1102.92,1253.31,1289.97,1501.56,1567.93,1694.04,3122.48,3612.4,4032.3,3756.84,5237.11,5717.65,4807.78,5043.3,6513.43,5757.43,7948.75,7286.31,5024.79,7344.49,8178.2,7154.41,8042.62,7904.86,9139.69,10302.31,11832.49,10201.22,9543.07,11077.48,10568.81,11174.55,11970.42,13197.05,11666.07,12403.83,12457.62,7618.6,13397.3,12987.71,8826.7,14360.46,13114.15,13606.01,12693.09,12579.24,13185.74,12534.13,14222.21,13629.91,12925.51,12095.51,14476.92,14843.61,16887.52,13906.75,10006.38,10499.88,9079.05,9830.6,7891.24,12400.42,12635.27,11182.41,12031.31,13721.85,9351.99,15107.33,10261.9,10465.75,12740.21,12083.93,17242.66,16104.56,16094.11,11063.22,12338.64,12418.75,16397.63,8342.01,11174.97,8972.83,11496.21,10189.07,9918.84,11047.4,8777.35,8902.94,8509.67,9387.9,6070.45,8420.6,6485.18,11116.76,9267.41,13833.57,9932.13,9569.09,9561.39,7875.42,10210.07,8767.32,8176.1,9500.82,8148.23,7480.77,8698.12,13398.9,10214.8,9435.11,10163.92,9622.05,9434.54,7611.49,9380.61,12519.82,12474.61,13457.73,11939.02,12652.27,13154.46,10297.05,10894.78,12111.64,7968.07,12177.17,16269.52,12762.11,13892.51,14964.65,11984.37,9807.94,10162.74,10612.68,10661.62,15933.6,17038.13,18769.16,13895.26,15646.91,15240.32,16307.14,10473.48,12347.37,14340.09,13298.63,10678.83,10377.64,14153.36,16406.65,16187.45,9069.23,11336.3,10827.01,14060.3,13589.9,15063.52,10007.31,16079.56,17101.05,15681.47,7512.79,12957.81,14670.71,16679.09,12599.37,19384.96,13368.24,13732.31,11117.03,17226.61,9355.51,10877.5,9040.84,7483.62,7283.74,10474.85,9778.97,16135.13,17186.95,15097.37,15789.25,11728.64,12929.05,17999.18,12548.11,18102.75,11948.56,9568.72,9120.26,13485.95,12564.71
Asterix,118.0,1641.0,2064.5,2755.0,2626.5,3254.0,3084.0,3380.0,3333.0,4348.0,11858.0,17149.5,31783.0,38024.0,48507.0,94276.0,104831.0,130845.0,249129.0,321517.0,278931.0,339995.0,370277.0,391791.0,507330.0,462417.0,429354.0,591525.0,540377.0,593650.0,517821.0,544706.0,331122.0,293279.0,128096.0,266149.0,374552.0,134722.0,226929.0,374611.0,168125.5,228517.0,233165.0,168904.0,287933.0,376038.0,382829.0,239042.0,247239.0,335472.0,221767.0,261303.0,237136.5,194403.0,238985.5,202717.0,297410.0,168765.0,193482.0,298462.0,340309.0,150833.0,157600.5,250597.5,149297.0,174726.0,312118.0,166560.0,194185.0,264324.0,171389.0,246875.0,164363.0,156770.0,242504.0,274663.0,254634.0,280175.0,244058.5,214021.0,214693.0,176404.0,269984.5,186150.5,190246.0,251062.0,225292.0,386389.0,231083.0,292098.5,217534.0,180985.0,198355.0,130037.0,244681.0,329945.0,161825.0,144328.0,178389.0,196542.0,164306.0,209800.0,257229.5,192593.0,329566.0,213414.0,257785.0,168631.0,245709.0,153815.0,246020.0,184353.0,183936.5,176334.0,134611.0,187743.5,317601.0,157232.0,208149.0,257753.0,162716.0,220719.0,266612.0,129797.0,264580.0,192873.0,259788.0,216040.0,157832.0,211006.0,190997.0,157186.0,263794.0,304478.0,166196.0,216999.0,163474.0,163714.0,225011.0,218775.0,174878.0,98147.0,212379.0,172207.5,240051.0,249142.0,189883.0,171747.0,166617.0,191541.0,230036.5,170341.0,193353.0,169157.0,223096.0,223438.0,238625.0,183031.0,191269.0,184179.0,189659.0,140060.5,167875.0,226842.0,219742.0,186281.0,225970.0,185150.0,118017.0,200670.0,141079.0,196751.0,250870.0,254531.0,219122.0,235471.0,207536.0,225398.5,211774.0,220529.0,233447.0,222098.0,192549.0,193273.0,126012.0,184757.0,184649.0,241855.0,191719.0,184153.0,241181.0,221085.0,283311.0,230580.0,230976.0,186458.0,250930.0,222120.0,237985.0,240929.0
Asteroids,150.2,356.3,252.9,288.5,715.9,594.0,413.2,348.6,692.5,572.2,676.6,1394.1,2518.4,3385.8,5896.6,3302.3,2630.5,3433.8,3263.1,2949.1,4522.9,6437.5,8802.6,11057.8,5399.6,6358.0,8666.7,12197.3,17220.2,8757.9,12368.6,15762.1,14434.5,15261.2,25858.2,30843.0,14683.6,22866.0,17775.9,10981.8,13090.6,12091.6,18347.4,25419.0,62727.2,22576.0,20634.8,21858.9,18841.8,17526.5,16811.9,21549.2,20504.9,12565.0,18358.4,24905.4,25618.0,26038.7,20011.9,14288.5,16029.9,19534.2,26977.1,28236.6,20969.4,19060.9,19314.4,22200.2,23767.2,28556.2,32428.2,24578.0,25199.2,24614.7,32752.5,22323.6,23870.6,27995.1,29497.5,20499.0,17752.7,29734.8,33424.6,50014.1,33831.7,30853.3,24274.9,17871.9,26924.2,20706.8,37470.3,25506.2,40432.0,23481.9,32478.8,26514.3,44629.3,61472.4,31893.7,48504.4,35934.0,45691.2,51322.4,37692.7,22094.7,28136.0,58666.6,82440.3,51668.5,52599.2,34916.1,21210.7,20356.9,35033.6,32770.8,44268.3,92022.0,43771.2,29332.9,24590.1,46747.3,38367.4,37896.0,31585.0,31313.1,45578.9,84079.1,121078.2,169272.4,37295.3,94248.8,72841.8,78835.1,77117.6,97999.2,108914.7,108053.7,49407.1,39505.9,54706.9,82986.2,67739.1,108976.5,64150.8,123120.3,48805.5,46197.7,109818.5,100167.2,83522.5,81928.1,52032.8,33243.9,95796.7,130953.6,97860.2,120475.0,117587.1,135783.2,104524.0,109291.6,110660.5,128735.8,105407.9,110609.8,84665.5,108867.0,82080.9,140509.3,115625.3,43803.1,96476.1,94645.0,77140.6,86274.2,126404.2,145667.3,135246.0,114709.0,142992.0,134156.1,90736.6,99550.2,109866.9,105850.4,71018.6,127068.8,57073.5,85296.7,125170.1,106424.9,106728.8,122208.3,102172.1,92964.9,113949.1,113612.4,95240.4,122075.9,112397.7
Atlantis,2128.0,11632.0,14971.0,28134.0,23152.0,44810.0,58030.0,79431.0,133852.0,139731.0,165895.0,174124.0,533671.0,770791.0,823133.0,881324.0,899104.0,894233.0,848101.0,862750.0,850186.0,850175.0,844354.0,844474.0,853026.0,841546.0,851629.0,844277.0,851218.0,845319.0,839878.0,842080.0,837147.0,829041.0,844578.0,839082.0,818363.0,819395.0,826027.0,822891.0,813830.0,817667.0,814260.0,812745.0,790975.0,810738.0,818700.0,820549.0,827347.0,823042.0,819833.0,819582.0,822466.0,815731.0,811471.0,814371.0,821811.0,808970.0,812801.0,817792.0,817782.0,816925.0,815176.0,812171.0,756640.0,818932.0,816963.0,787118.0,711133.0,820273.0,818324.0,805186.0,731040.0,817216.0,814416.0,812779.0,816840.0,813668.0,814938.0,815027.0,781337.0,816759.0,814646.0,813411.0,807349.0,810501.0,807015.0,787045.0,820571.0,815836.0,818521.0,817150.0,802185.0,813389.0,813775.0,810822.0,814464.0,807895.0,819309.0,808829.0,816982.0,819264.0,812391.0,814449.0,810247.0,812774.0,823863.0,811966.0,819752.0,809734.0,815187.0,819157.0,816001.0,812824.0,796598.0,802022.0,806741.0,811344.0,810916.0,821262.0,780758.0,812405.0,809907.0,786835.0,807628.0,807750.0,764708.0,759193.0,788564.0,801444.0,812050.0,808436.0,738293.0,780209.0,803750.0,792808.0,812562.0,774215.0,825391.0,806857.0,799713.0,816604.0,813443.0,810811.0,807928.0,812430.0,817919.0,805505.0,805903.0,814190.0,808604.0,817344.0,811677.0,812850.0,816021.0,810393.0,819596.0,816452.0,824750.0,813908.0,810873.0,812863.0,816704.0,812128.0,811354.0,792469.0,814042.0,816665.0,812709.0,820772.0,805892.0,814008.0,809413.0,815317.0,816823.0,814771.0,812851.0,803622.0,804597.0,807399.0,815634.0,811187.0,803761.0,810336.0,815074.0,812278.0,809301.0,817327.0,814852.0,809163.0,813717.0,813511.0,814031.0,812266.0,815046.0,825033.0,814679.0,816213.0,812512.0,810604.0
BankHeist,0.0,0.0,36.8,57.6,105.5,85.3,142.4,151.2,235.9,229.7,280.1,296.3,357.2,469.1,588.7,702.3,825.7,820.1,709.4,755.7,753.5,740.9,741.3,720.2,694.0,712.1,720.0,736.0,725.8,735.3,736.3,748.0,736.3,751.3,760.0,745.1,776.1,799.0,770.6,772.4,753.5,816.6,845.0,911.0,1061.6,1066.4,1147.3,1181.5,1231.5,1248.0,1259.1,1264.1,1253.3,1233.0,1271.8,1271.7,1256.6,1271.9,1276.2,1274.0,1283.8,1278.9,1288.4,1260.1,1289.4,1281.6,1290.0,1347.0,1296.5,1316.9,1312.3,1319.4,1316.7,1285.6,1326.4,1293.5,1291.2,1307.4,1338.1,1316.7,1328.3,1322.1,1325.6,1327.5,1324.2,1301.7,1344.2,1311.3,1334.0,1325.6,1340.7,1318.1,1346.7,1335.0,1336.2,1341.6,1330.1,1309.2,1332.0,1342.5,1318.2,1333.0,1293.0,1313.4,1351.3,1339.9,1318.0,1337.4,1287.7,1290.3,1303.0,1189.5,1193.3,1239.3,1229.5,1261.5,1263.7,1261.7,1212.6,1203.8,1252.7,1187.1,1162.4,1159.0,1073.6,1064.7,1554.8,1581.0,1546.5,1564.4,1568.0,1563.4,1586.0,1547.0,1568.9,1559.6,1579.7,1574.4,1580.4,1575.4,1572.5,1578.3,1584.8,1528.6,1594.6,1563.7,1575.3,1563.0,1570.3,1572.6,1589.3,1578.1,1574.6,1568.6,1597.5,1560.3,1591.2,1566.2,1546.8,1589.1,1594.9,1579.7,1579.8,1578.3,1590.2,1582.0,1582.4,1587.5,1585.2,1589.0,1592.3,1567.5,1586.8,1579.6,1576.3,1577.5,1587.0,1573.8,1594.0,1598.0,1570.2,1589.6,1572.6,1583.8,1594.6,1576.8,1573.9,1572.9,1587.8,1584.4,1585.8,1581.5,1572.7,1584.2,1577.7,1587.7,1580.4,1581.4,1587.8,1583.3
BattleZone,2040.0,3973.3333333333335,9703.333333333334,11946.666666666666,19300.0,22860.0,24573.333333333332,22206.666666666668,28540.0,28400.0,26903.333333333332,30063.333333333332,30230.0,33290.0,37020.0,42500.0,40056.666666666664,31886.666666666668,41996.666666666664,41513.333333333336,43346.666666666664,47016.666666666664,49673.333333333336,48740.0,50723.333333333336,50926.666666666664,48466.666666666664,56770.0,58203.333333333336,58593.333333333336,61513.333333333336,62600.0,61486.666666666664,67586.66666666667,70463.33333333333,74460.0,74440.0,85543.33333333333,68093.33333333333,77986.66666666667,75096.66666666667,93690.0,87646.66666666667,82053.33333333333,85696.66666666667,78563.33333333333,78256.66666666667,84393.33333333333,85670.0,80740.0,95646.66666666667,82656.66666666667,95483.33333333333,102330.0,82696.66666666667,83916.66666666667,90456.66666666667,101653.33333333333,84500.0,94626.66666666667,101240.0,103756.66666666667,103363.33333333333,78976.66666666667,93496.66666666667,94833.33333333333,87676.66666666667,95790.0,87630.0,96970.0,97153.33333333333,96710.0,103146.66666666667,97436.66666666667,123866.66666666667,101846.66666666667,92963.33333333333,109316.66666666667,104616.66666666667,103603.33333333333,96800.0,92896.66666666667,92430.0,111236.66666666667,111813.33333333333,96556.66666666667,101043.33333333333,105113.33333333333,104003.33333333333,101066.66666666667,122730.0,115683.33333333333,108533.33333333333,110966.66666666667,111866.66666666667,114456.66666666667,116346.66666666667,116736.66666666667,125840.0,143283.33333333334,147306.66666666666,150966.66666666666,127430.0,131576.66666666666,136100.0,120060.0,133130.0,134273.33333333334,133133.33333333334,131353.33333333334,138400.0,130630.0,134556.66666666666,132536.66666666666,135543.33333333334,131463.33333333334,139003.33333333334,126323.33333333333,130766.66666666667,136086.66666666666,145660.0,132776.66666666666,148376.66666666666,147776.66666666666,142290.0,119250.0,138026.66666666666,147966.66666666666,124530.0,121540.0,124990.0,118473.33333333333,116356.66666666667,122703.33333333333,122930.0,119776.66666666667,123076.66666666667,116386.66666666667,117660.0,121963.33333333333,130923.33333333333,122496.66666666667,123033.33333333333,126953.33333333333,114283.33333333333,105543.33333333333,127846.66666666667,121933.33333333333,118080.0,106090.0,115086.66666666667,119853.33333333333,128630.0,133900.0,128450.0,146526.66666666666,129786.66666666667,138016.66666666666,146590.0,145903.33333333334,132353.33333333334,143180.0,147066.66666666666,137876.66666666666,131580.0,136910.0,128930.0,138686.66666666666,151876.66666666666,118790.0,134160.0,148703.33333333334,132373.33333333334,134773.33333333334,122183.33333333333,142626.66666666666,124866.66666666667,132700.0,131710.0,133936.66666666666,127716.66666666667,137273.33333333334,134726.66666666666,130796.66666666667,138093.33333333334,135903.33333333334,123463.33333333333,140496.66666666666,128556.66666666667,139046.66666666666,141076.66666666666,125523.33333333333,148720.0,139380.0,138943.33333333334,128610.0,131390.0,128773.33333333333,139586.66666666666,132700.0
BeamRider,753.4,1165.36,4353.26,7415.62,10211.96,11166.32,12418.64,12232.54,12000.22,13178.24,15406.7,23054.78,29508.7,25266.18,33897.1,29363.38,37289.86,38644.12,31453.48,29635.66,35511.06,38595.62,28620.76,44127.22,29760.92,25195.64,38338.16,36178.98,39492.28,32838.7,51368.92,52815.0,42295.64,29039.04,34755.84,51003.08,39175.22,30578.4,48089.1,35948.12,29757.98,37767.28,43070.52,40631.18,46273.52,44328.46,45081.82,38000.28,20253.06,57665.42,40413.22,52200.3,48489.42,35599.1,39464.76,41835.72,26983.76,34644.94,41882.84,37866.68,46139.42,37453.56,23674.74,32342.44,51657.58,51125.5,35051.0,33369.54,36951.32,48594.34,57180.98,59298.76,57158.4,34145.72,45763.64,39187.62,39173.46,44613.7,50948.78,29298.54,40400.46,46185.16,37417.3,43951.74,48694.16,35137.94,41701.9,54609.46,63074.2,32656.2,24201.78,49571.24,44571.58,65061.24,38922.94,47910.02,63468.16,57524.98,59499.96,49038.98,63567.78,37900.9,55613.08,66687.04,61717.6,65496.02,74094.98,77278.74,59040.94,54546.8,55166.46,39433.78,69686.28,53445.62,67018.42,65749.58,62985.72,32837.46,47315.34,59633.86,68730.34,38229.28,61316.6,56644.12,50426.88,59277.94,69898.4,61663.32,79484.14,68118.72,61149.54,52741.04,57503.0,69264.82,87067.1,63898.38,61509.46,64128.14,65043.06,72925.76,54274.9,40490.76,42268.8,73316.18,68440.86,55468.2,64205.0,54957.32,70682.0,36739.76,72140.6,54002.82,58204.98,46323.96,77778.58,60645.32,62529.04,45730.74,50441.1,58586.26,82980.32,53485.08,81055.16,55256.9,86691.56,90616.92,84229.1,47209.88,82031.12,71437.94,61601.52,104896.62,39440.1,85354.08,105184.42,64391.2,95363.8,68243.46,85714.92,74837.0,85955.32,138102.14,92721.72,85106.84,79595.4,40362.84,94005.76,83359.9,52626.02,79545.7,97697.5,79400.88,96654.96,68247.04,112588.88,80023.78,108671.44,85370.98,103614.26,65300.26
Berzerk,448.5,562.0,381.6,559.9,322.0,419.9,463.2,458.0,560.9,563.4,495.4,478.8,589.5,605.9,639.1,594.5,612.8,603.6,611.0,592.7,617.5,512.6,574.5,667.4,540.8,617.8,723.3,676.7,715.6,658.8,615.2,616.3,696.2,706.6,645.1,679.9,671.4,704.9,633.4,718.5,658.6,631.2,636.8,576.8,594.5,746.0,737.5,795.9,626.5,709.7,724.7,770.0,873.8,884.2,793.1,1443.8,1030.6,1704.5,1496.9,1225.2,2065.9,2485.5,2078.3,2163.8,2077.7,1910.9,2249.2,2081.2,2238.6,2215.7,2150.1,2612.8,2681.7,2520.2,2851.9,2618.0,3048.4,2402.5,2890.2,2867.6,3266.7,3627.1,3249.9,3466.3,2983.5,3636.9,3582.8,3111.1,2806.6,3342.3,3591.8,3847.2,2883.3,3588.4,3332.1,3659.5,4061.9,3875.2,3661.3,3848.1,4679.4,3064.0,3924.3,3856.9,3533.7,3476.1,3650.2,3221.6,3532.8,3879.5,5255.2,3931.0,4151.5,4072.7,4301.4,4160.7,4428.7,5383.9,5222.6,3577.6,4555.6,3464.9,3506.8,3921.3,4821.7,5063.0,6274.9,5652.0,5781.6,5345.4,4253.2,4659.2,5989.5,5805.5,5692.4,5547.1,5560.1,4341.0,4468.3,4921.1,6396.5,6145.6,4128.3,5020.8,5162.7,4682.9,4004.1,5452.8,5627.8,4386.6,4734.6,5408.7,4835.9,4691.8,4227.8,4424.8,4638.5,5406.5,5550.6,5807.0,5058.3,4858.7,4440.4,4727.6,4833.5,4828.2,5002.8,4202.2,5656.3,5989.7,4813.6,6440.9,6451.1,6117.8,4379.7,5540.2,3573.2,4505.6,4526.7,4405.1,4746.5,6249.6,5914.1,4711.4,5900.6,5404.8,6703.7,6294.0,5510.6,6028.0,5223.8,6637.7,3072.1,5909.3,5897.1,5872.5,4696.7,5037.4,4538.0,5044.5
Bowling,0.03,1.16,0.93,0.06,29.95,30.0,29.88,30.11,30.2,30.0,30.0,30.0,0.61,30.0,30.0,33.62,29.8,29.8,29.96,30.2,30.34,30.03,29.98,29.9,47.85,32.49,30.0,30.94,30.12,30.18,29.91,31.19,29.61,30.0,29.82,29.27,22.51,22.36,27.89,31.64,34.57,25.18,29.98,29.99,29.99,29.92,30.0,29.96,29.93,29.95,29.94,30.04,29.98,30.0,29.96,30.01,30.01,29.96,30.88,29.94,29.68,29.78,30.16,31.75,29.44,30.01,29.82,28.09,26.93,28.44,26.34,26.6,27.86,26.12,28.12,27.58,26.46,26.52,28.28,26.56,26.94,27.94,27.24,27.28,27.3,27.81,27.14,27.38,28.13,27.8,27.6,27.36,27.38,27.8,27.45,27.53,27.58,26.77,27.68,27.66,27.64,27.68,26.62,27.1,26.54,26.58,27.38,26.24,26.56,27.14,27.6,27.42,27.66,27.14,27.82,26.01,27.26,26.38,28.12,27.74,28.18,28.52,26.18,27.64,28.04,27.79,28.12,28.5,27.96,28.46,28.22,28.54,27.92,26.98,27.94,28.22,28.68,27.56,28.22,27.5,27.94,29.46,28.66,28.68,29.48,29.05,29.36,29.42,29.28,29.38,29.46,29.7,29.74,29.6,29.68,29.64,29.84,29.68,29.3,29.96,29.26,29.52,11.71,29.28,29.24,29.84,28.48,24.08,24.54,25.5,30.0,30.0,30.0,30.0,30.0,30.0,30.0,30.0,30.0,30.0,30.0,30.0,30.0,29.86,30.0,30.0,30.0,30.0,30.0,30.0,30.0,30.0,29.94,30.0,30.0,30.0,30.0,30.0,30.0,29.98
Boxing,-16.22,-21.69,12.83,20.45,0.35,54.95,43.11,82.11,87.66,92.14,94.67,95.01,93.19,96.52,98.3,97.91,98.35,97.95,97.48,99.08,98.88,99.17,97.56,94.21,95.93,97.92,99.06,98.74,99.51,98.85,99.6,99.51,99.06,99.73,99.61,99.75,99.68,99.5,99.61,99.59,99.4,99.92,99.55,99.55,99.65,99.5,99.17,99.72,99.63,99.71,99.96,99.63,99.68,99.69,99.43,99.53,99.76,99.72,99.85,99.68,99.65,99.67,99.39,99.73,99.21,99.53,99.53,99.76,99.51,99.78,99.79,99.54,99.64,99.75,99.6,99.65,99.84,99.71,99.7,99.63,99.66,99.8,99.61,99.86,99.63,99.77,99.78,99.6,99.95,99.81,99.63,99.7,99.78,99.4,99.67,99.58,99.77,99.73,99.88,99.79,99.78,99.8,99.66,99.69,99.14,99.71,99.29,99.34,99.07,99.48,99.54,99.55,99.56,99.33,99.07,98.98,99.22,99.56,99.56,99.11,99.46,99.59,99.43,99.42,98.54,99.61,99.94,99.8,99.9,99.87,99.54,99.78,99.88,99.97,99.91,99.99,99.98,99.99,99.96,99.93,99.94,99.85,100.0,99.88,100.0,99.93,99.6,99.97,99.89,99.98,99.84,100.0,99.65,99.92,99.98,99.87,99.9,99.84,99.98,100.0,99.91,99.88,100.0,100.0,100.0,99.92,99.93,99.91,99.92,99.98,99.92,99.96,99.94,99.91,99.98,99.93,99.92,99.93,99.96,99.84,99.86,100.0,99.92,99.87,99.83,99.94,100.0,99.92,99.53,100.0,99.9,99.98,99.91,99.92,100.0,99.93,99.98,99.98,99.87,99.95
Breakout,2.0,4.99,17.71,35.28,65.53,147.78,134.09,280.69,173.33,173.47,295.87,369.11,398.67,411.33,409.63,394.85,386.15,418.15,370.11,478.17,497.69,453.04,450.83,492.32,436.56,459.21,381.22,500.95,550.8,430.36,434.38,481.02,512.07,523.15,490.25,482.66,545.73,419.81,464.32,454.23,396.05,510.23,536.69,488.79,501.87,479.82,481.04,458.05,487.48,474.82,437.43,478.78,493.77,471.26,553.29,474.2,520.73,506.19,486.18,522.25,458.26,481.73,399.68,527.91,515.44,468.49,475.79,489.58,488.06,517.01,494.3,516.23,477.21,512.25,574.52,516.27,539.34,492.93,485.01,499.26,513.21,474.25,456.95,504.78,466.81,466.9,509.29,528.19,551.95,540.75,453.77,545.15,501.87,526.05,512.88,518.34,526.08,558.87,500.62,499.09,534.86,520.21,542.49,516.44,538.45,528.79,449.4,525.89,504.56,521.91,426.31,579.78,509.91,559.97,548.86,495.46,502.93,491.58,493.45,508.29,528.74,545.18,531.7,569.78,544.83,522.92,567.28,657.76,612.63,566.56,670.39,588.97,587.19,566.26,556.4,662.18,553.64,563.2,575.79,593.35,599.94,563.2,580.85,590.52,552.04,604.9,620.01,563.72,529.02,588.56,514.89,645.62,672.2,584.75,618.35,622.18,590.11,623.07,644.3,610.8,676.58,610.73,623.31,627.47,575.12,576.11,589.71,607.06,584.6,614.48,673.85,662.14,593.07,627.0,598.84,614.5,579.49,546.23,613.43,639.52,546.6,640.03,651.69,583.66,644.75,569.67,612.53,614.73,576.85,531.68,626.78,610.05,610.01,580.96,642.16,554.47,595.98,606.36,626.62,602.01
Carnival,88.4,100.2,991.8,952.0,1441.0,2257.0,2739.6,4854.1,4807.3,5004.6,5057.5,4845.8,4919.5,5061.1,4773.9,5285.1,4971.4,5267.0,5299.3,5355.9,5220.7,5487.8,5409.5,5496.2,5627.2,5749.8,5836.8,5655.2,5860.7,5857.9,5576.4,5634.6,5776.9,5742.9,5706.1,5820.6,5620.1,5608.0,5608.2,5612.5,5892.8,5878.5,5860.2,5731.1,5633.1,5870.2,5901.9,5952.1,5855.0,5437.8,5794.4,5771.4,5803.9,5713.1,5710.6,5912.9,5750.4,5651.8,5734.4,5729.2,5828.8,5814.5,5669.4,5655.5,5831.8,5680.6,5719.4,5679.5,5830.3,5799.5,5745.8,5736.1,5879.9,5833.9,5694.2,5700.8,5719.1,5728.2,5706.9,5716.8,5789.2,5651.8,5838.4,5694.7,5785.0,5802.2,5865.8,5813.3,5787.5,5757.9,5647.5,5836.2,5769.6,5914.5,5693.4,5685.0,5710.5,5883.0,5804.2,5885.7,5923.5,5797.6,5770.5,5714.8,5808.8,5885.9,5689.9,5772.5,5864.2,5662.5,5793.7,5844.0,5793.5,5855.0,5695.5,5793.2,5735.5,5862.6,6031.1,5934.4,5632.3,5816.9,5709.8,5798.6,5782.7,5727.1,5594.6,5748.3,5736.5,5805.7,5816.2,5824.0,5902.7,5915.8,5790.2,5882.8,5860.0,5748.1,5692.0,5882.5,5608.0,5903.0,5726.1,5902.0,5722.0,5741.3,5782.0,5976.1,5766.0,5824.0,5889.0,5614.8,5831.8,5831.0,5746.0,5788.0,5650.9,5741.0,5765.0,5557.6,5801.0,5723.0,5692.0,5902.0,5789.5,5752.0,5614.0,5790.2,5688.0,5806.0,5788.0,5560.0,5644.8,5860.9,5827.7,5764.0,5903.0,5578.0,5825.4,5806.0,5850.2,5848.0,5948.0,6002.4,5794.0,5861.4,5890.0,5803.8,5908.0,5723.0,5829.0,5636.9,5720.7,6012.6,5963.8,5833.8,5797.2,5866.0,5878.0,5741.6
Centipede,4177.49,1653.98,3153.33,2316.48,2154.23,1532.83,1457.44,1449.85,1856.87,1451.18,1716.55,2073.81,2522.65,2745.1,3574.54,3839.15,5091.44,4579.23,5214.18,5930.81,7558.38,7872.71,7260.43,9405.67,9309.61,8603.22,11035.55,8469.91,9083.35,9297.99,8603.57,11639.43,9825.44,9581.94,11950.51,12646.1,11746.63,11663.9,12119.93,12519.35,10825.38,13869.57,12859.39,13053.01,16574.17,16770.97,12448.83,12363.53,21245.62,14486.56,19134.2,12449.56,15679.17,10831.89,17574.32,20738.81,14504.32,16894.38,20945.3,14339.12,18483.7,18703.01,14810.1,20006.65,17643.89,21278.23,21573.3,22503.51,20357.92,25411.17,21780.02,24014.19,19404.09,18874.33,21155.97,24310.49,24993.53,20361.09,22274.39,26958.84,30505.94,26097.12,25182.87,22203.79,23152.74,28584.06,24615.38,27674.78,34969.56,20813.16,30749.66,24484.61,28094.15,31986.52,27700.62,18406.87,22127.74,24623.2,27236.64,33918.59,35057.17,32799.82,21995.0,29606.55,26408.45,22536.55,42560.47,23977.11,26471.89,32145.08,24368.19,42279.54,35187.62,33119.16,24542.02,32001.92,19873.52,33571.56,40855.49,30565.73,34377.28,30920.46,26249.77,29236.7,33262.81,24315.98,25866.22,33830.55,54951.87,31867.62,30376.33,30226.17,25157.39,34455.11,50538.9,53977.74,25687.67,55477.64,45627.6,32306.05,21457.38,25937.74,33333.4,35975.35,41088.16,41392.18,40843.95,46824.92,22810.22,34807.03,51128.31,28875.78,36541.25,36606.15,59644.11,42602.87,37445.73,34527.19,47278.4,33753.06,36565.76,36186.69,43206.36,33618.73,50428.88,55950.13,41861.52,76242.59,44156.79,42577.7,41432.36,45237.98,42884.91,49392.29,43085.46,57399.06,36673.2,36378.25,32610.21,38187.7,36882.45,39582.22,38754.14,24436.78,38933.7,19143.58,49592.51,41995.27,48914.92,59948.56,44854.86,54119.48,40572.76,46110.26,29389.31,53055.94,53282.17,45791.67,48483.6,43811.3
ChopperCommand,244.0,864.0,809.0,1017.0,2381.0,1852.0,1819.0,1920.0,3215.0,2892.0,3498.0,4925.0,5272.0,9637.0,8301.0,11478.0,8191.0,15054.0,12959.0,11340.0,16214.0,18042.0,17449.0,13479.0,18934.0,23906.0,16736.0,19439.0,17449.0,19250.0,19462.0,25029.0,33703.0,25554.0,24133.0,41241.0,43429.0,45312.0,53952.0,63987.0,58363.0,43904.0,56415.0,63790.0,105558.0,62346.0,68458.0,57626.0,61867.0,64892.0,52470.0,64453.0,165077.0,106237.0,222084.0,161746.0,98360.0,136291.0,124108.0,369360.0,620727.0,333114.0,446605.0,120675.0,137494.0,424039.0,694622.0,411820.0,409660.0,513046.0,549464.0,515591.0,40971.0,274967.0,487428.0,175023.0,511249.0,348278.0,190547.0,587981.0,105074.0,457216.0,794005.0,515481.0,359440.0,347201.0,565177.0,484630.0,625099.0,800898.0,535078.0,554690.0,668735.0,754877.0,651410.0,803657.0,115351.0,222427.0,605632.0,346666.0,753221.0,688255.0,734354.0,833137.0,766904.0,599943.0,625092.0,791857.0,858330.0,898679.0,821979.0,903768.0,751067.0,816752.0,505378.0,696136.0,887882.0,949798.0,800879.0,792510.0,691571.0,825032.0,416879.0,645759.0,412871.0,978173.0,942939.0,959012.0,903599.0,894735.0,718125.0,825593.0,942086.0,831295.0,473989.0,790462.0,910797.0,852104.0,864189.0,871603.0,864810.0,836925.0,766790.0,627281.0,931378.0,972410.0,940646.0,941018.0,834062.0,746340.0,846125.0,702021.0,916552.0,979328.0,862066.0,940368.0,844029.0,892972.0,871386.0,737560.0,743091.0,862253.0,872075.0,670419.0,832579.0,873755.0,804358.0,902077.0,920308.0,912132.0,890304.0,933699.0,980233.0,861570.0,940928.0,652647.0,879819.0,876567.0,911302.0,921589.0,940903.0,740465.0,793613.0,705827.0,874804.0,902084.0,901362.0,803859.0,799315.0,951013.0,676188.0,737288.0,911746.0,654296.0,568719.0,808079.0,794479.0,716284.0,677182.0,786104.0
CrazyClimber,1.0,11000.0,11000.0,38242.0,33996.0,32480.0,51745.0,58161.0,61758.0,61830.0,63002.0,49072.0,26911.0,65715.0,68743.0,75090.0,81854.0,82521.0,83326.0,82018.0,82526.0,90938.0,98366.0,95834.0,102038.0,100953.0,100252.0,96515.0,96405.0,103363.0,108415.0,108261.0,109685.0,110207.0,105867.0,104342.0,103083.0,105629.0,109453.0,105474.0,104271.0,110381.0,107981.0,102836.0,107800.0,110807.0,107281.0,108864.0,107483.0,109229.0,108265.0,114195.0,109646.0,105856.0,112255.0,107189.0,112770.0,108312.0,112971.0,110005.0,113849.0,113839.0,111839.0,114842.0,113832.0,110261.0,110113.0,113678.0,116032.0,114714.0,117423.0,114201.0,114254.0,117669.0,112319.0,115280.0,113291.0,118344.0,111742.0,106444.0,116852.0,121578.0,112416.0,107179.0,113921.0,119885.0,114111.0,113480.0,116921.0,118854.0,121383.0,119323.0,124823.0,124082.0,117030.0,121492.0,118613.0,123422.0,117941.0,113832.0,121009.0,126111.0,121023.0,121697.0,119005.0,131729.0,127617.0,121887.0,117282.0,120224.0,116967.0,118877.0,123798.0,122139.0,122528.0,124443.0,117598.0,120173.0,122950.0,122672.0,121585.0,129898.0,125012.0,122272.0,126249.0,128591.0,130592.0,128868.0,128612.0,126555.0,128993.0,134712.0,124051.0,130021.0,133076.0,130712.0,132623.0,132080.0,126403.0,127944.0,132557.0,133643.0,129739.0,133782.0,131230.0,135927.0,123427.0,130944.0,130417.0,134711.0,130047.0,128394.0,125141.0,132593.0,132384.0,130728.0,128047.0,130485.0,130383.0,132213.0,132956.0,135075.0,127925.0,134182.0,136152.0,133742.0,131007.0,135744.0,138653.0,140688.0,136359.0,133813.0,134503.0,133748.0,132502.0,139772.0,135424.0,128999.0,132634.0,134803.0,135603.0,140723.0,134509.0,127792.0,129762.0,128138.0,130417.0,137396.0,135445.0,137376.0,131447.0,131329.0,136633.0,134353.0,133168.0,132929.0,133498.0,131934.0,131871.0,133675.0
DemonAttack,31.75,201.9,428.5,6295.2,7881.2,12320.55,18767.3,21900.75,20401.45,94022.35,42717.8,83007.55,107293.05,107684.7,111099.75,111845.7,120431.1,101055.9,121328.6,78965.7,130542.95,128941.65,121803.4,128868.3,130124.4,131190.25,129416.05,132351.45,133451.6,132278.85,131982.6,38730.4,132722.15,133277.95,132190.35,130953.35,119988.85,118602.0,133241.25,129876.95,133187.35,130700.0,133619.05,133765.45,132599.45,133917.5,122375.25,133912.5,134021.75,130384.4,131062.75,123281.9,129424.85,133615.85,129426.35,131609.45,131262.0,131120.15,131725.35,133151.3,133925.95,134411.0,133045.85,132731.2,133896.25,133930.25,132275.55,134591.4,127191.2,127429.0,132865.9,134158.45,129604.95,132943.2,133755.45,129358.0,127849.85,131962.25,133775.9,134635.3,134528.85,135145.35,133595.7,133788.05,132097.4,134081.65,134004.65,132249.6,127935.2,133788.0,133434.9,110003.4,133594.95,133797.8,135119.3,133944.3,134460.25,133023.8,133853.9,133967.65,133136.45,133148.55,125363.25,134622.9,132986.65,134558.55,133366.5,134668.3,133603.25,134259.0,133817.0,133171.35,133868.0,133188.65,132059.7,134550.5,115311.9,134101.75,132682.75,121331.0,133413.55,133726.75,134150.5,132685.75,132421.95,132418.6,133634.45,134470.55,134656.35,134576.2,134257.7,133705.95,135179.8,133221.6,132805.95,133981.4,129334.5,133660.25,130988.35,134711.6,134405.25,134678.9,130779.85,134447.85,134178.3,135036.7,133958.4,135447.95,134978.0,134201.9,130728.65,134462.8,134965.65,135371.3,135078.1,135393.9,134963.05,133417.4,133598.35,134670.05,134682.35,133968.3,135197.6,134398.55,135070.15,135331.35,135126.35,133941.3,132154.7,135441.45,135226.55,134920.0,135079.85,134245.45,133559.95,135098.75,134157.45,134414.6,134190.95,134618.1,134345.5,133929.7,132660.8,134783.2,134038.9,135089.2,133933.1,134924.35,133792.7,130517.95,134313.45,132330.7,133974.2,134571.3,134691.8,135291.4,130862.85,134226.9,130829.6,135113.9
DoubleDunk,-23.926666666666666,-23.993333333333332,-23.926666666666666,-23.993333333333332,-23.466666666666665,-23.826666666666668,-23.706666666666667,-23.566666666666666,-23.7,-23.413333333333334,-21.833333333333332,-23.42,-22.553333333333335,-21.066666666666666,-22.66,-22.346666666666668,-20.993333333333332,-22.993333333333332,-19.226666666666667,-21.02,-18.213333333333335,-19.086666666666666,-19.546666666666667,-18.846666666666668,-21.28,-19.273333333333333,-14.64,-21.433333333333334,-18.073333333333334,-16.34,-14.226666666666667,-12.806666666666667,-15.06,-9.92,-8.333333333333334,-16.226666666666667,-12.133333333333333,-13.393333333333333,-10.206666666666667,-8.333333333333334,-10.413333333333334,-3.046666666666667,-0.72,-3.9266666666666667,-4.34,1.52,7.573333333333333,7.153333333333333,9.986666666666666,9.6,13.366666666666667,11.613333333333333,11.386666666666667,14.913333333333334,13.366666666666667,14.36,14.22,14.626666666666667,16.366666666666667,13.58,15.72,17.68,16.2,17.813333333333333,19.026666666666667,17.573333333333334,19.04,19.19333333333333,19.82,19.1,19.88,20.24,19.8,19.373333333333335,20.073333333333334,19.64,19.773333333333333,20.14666666666667,19.9,19.793333333333333,20.42,20.073333333333334,20.626666666666665,20.386666666666667,20.26,20.526666666666667,20.6,20.506666666666668,19.94,20.86,20.826666666666668,20.74,21.266666666666666,21.053333333333335,21.026666666666667,21.453333333333333,20.64666666666667,21.266666666666666,21.293333333333333,21.3,21.46,21.753333333333334,21.766666666666666,22.326666666666668,22.2,21.953333333333333,22.206666666666667,22.313333333333333,22.35333333333333,22.226666666666667,22.393333333333334,22.566666666666666,22.58,22.613333333333333,22.613333333333333,22.44,22.673333333333332,22.6,22.86,22.533333333333335,22.26,22.69333333333333,22.54,22.626666666666665,22.86,22.66,22.666666666666668,22.80666666666667,22.793333333333333,22.793333333333333,22.826666666666668,22.78,22.606666666666666,22.66,22.406666666666666,22.533333333333335,22.226666666666667,22.673333333333332,22.86,22.76,22.953333333333333,22.966666666666665,22.773333333333333,22.826666666666668,22.733333333333334,22.813333333333333,22.80666666666667,23.093333333333334,22.933333333333334,22.866666666666667,22.64,22.69333333333333,22.686666666666667,22.72,22.846666666666668,22.813333333333333,22.84,22.973333333333333,22.846666666666668,22.746666666666666,22.7,22.833333333333332,22.753333333333334,22.86,22.69333333333333,22.98,22.7,22.86,22.98,22.946666666666665,22.973333333333333,22.92,22.873333333333335,22.86,22.793333333333333,22.873333333333335,22.733333333333334,22.80666666666667,22.94,22.973333333333333,23.066666666666666,22.94,23.08,23.06,22.966666666666665,23.04,23.113333333333333,23.013333333333332,22.926666666666666,23.166666666666668,22.773333333333333,22.973333333333333,22.88,22.92,22.953333333333333,22.893333333333334,23.013333333333332,22.946666666666665,23.14,23.04
ElevatorAction,0.0,0.0,1205.0,823.0,2.0,0.0,3721.0,0.0,0.0,32.0,12.0,876.0,0.0,331.0,0.0,0.0,0.0,0.0,0.0,0.0,0.0,1491.0,2887.0,65.0,2631.0,1007.0,151.0,0.0,0.0,0.0,0.0,0.0,0.0,0.0,6.0,0.0,0.0,0.0,0.0,0.0,0.0,1.0,0.0,0.0,0.0,0.0,0.0,5.0,0.0,0.0,0.0,0.0,0.0,0.0,0.0,0.0,0.0,0.0,0.0,0.0,0.0,0.0,0.0,0.0,0.0,0.0,2.0,4.0,893.0,0.0,449.0,294.0,23.0,163.0,0.0,6.0,0.0,124.0,129.0,1441.0,694.0,622.0,221.0,0.0,0.0,67.0,0.0,0.0,1118.0,248.0,48.0,396.0,2404.0,0.0,3691.0,4729.0,0.0,0.0,0.0,0.0,112.0,0.0,0.0,0.0,0.0,0.0,2193.0,1854.0,0.0,0.0,2026.0,171.0,0.0,0.0,0.0,0.0,0.0,41.0,248.0,75.0,0.0,0.0,0.0,0.0,31.0,645.0,0.0,0.0,0.0,82.0,0.0,34.0,9.0,0.0,0.0,0.0,51.0,129.0,0.0,0.0,0.0,0.0,0.0,0.0,0.0,0.0,0.0,0.0,0.0,0.0,0.0,0.0,0.0,0.0,0.0,0.0,0.0,0.0,0.0,0.0,0.0,0.0,2635.0,0.0,43230.0,0.0,0.0,42166.0,23987.0,1628.0,0.0,0.0,6434.0,0.0,68295.0,48820.0,64512.0,22650.0,72854.0,73222.0,74091.0,75860.0,75758.0,77008.0,77795.0,75932.0,78107.0,78962.0,78002.0,79066.0,79879.0,75423.0,80845.0,82645.0,78561.0,53767.0,80197.0,79707.0,80058.0,82669.0
Enduro,0.0,0.0,0.37,0.1,0.13,0.02,1.95,381.83,444.0,739.79,891.04,999.83,1067.94,1250.66,1136.27,1927.12,1731.23,2100.28,2054.49,2123.06,2213.75,2167.79,2158.73,2275.7,2231.07,2272.05,2284.96,2318.34,2300.37,2303.98,2300.57,2141.67,2249.69,2224.74,2198.66,2128.18,2105.52,2203.4,2220.66,2296.11,2285.03,2288.41,2264.33,2312.52,2282.7,2274.75,2294.77,2290.14,2318.03,2291.33,2269.68,2295.04,2274.1,2316.83,2304.8,2290.1,2235.56,2316.76,2300.26,2298.46,2306.53,2286.19,2290.51,2181.97,2322.06,2317.19,2329.24,2331.52,2319.48,2209.92,2321.73,2328.71,2313.36,2312.55,2285.74,2286.26,2309.11,2317.18,2327.26,2288.43,2325.48,2318.53,2319.12,2335.62,2333.21,2330.19,2326.09,2337.41,2336.0,2329.11,2310.95,2262.57,2316.52,2338.79,2323.23,2305.92,2307.76,2312.98,2326.35,2337.74,2336.21,2334.34,2311.36,2337.08,2331.1,2256.49,2333.97,2339.26,2325.72,2338.05,2322.94,2323.34,2267.92,2291.59,2334.6,2311.27,2312.56,2340.33,2320.9,2334.79,2337.73,2318.17,2337.99,2321.33,2299.8,2339.21,2327.3,2333.66,2346.27,2347.59,2346.06,2347.88,2336.37,2344.54,2338.66,2332.81,2158.47,2337.75,2272.33,2346.37,2327.65,2337.37,2328.59,2343.32,2339.42,2335.9,2339.62,2349.16,2340.12,2343.68,2254.07,2341.35,2343.0,2337.5,2343.44,2325.5,2344.49,2337.42,2345.91,2340.58,2339.15,2308.33,2338.8,2346.42,2336.69,2346.25,2348.42,2345.49,2345.73,2339.21,2348.09,2341.53,2352.1,2347.89,2341.36,2345.59,2344.66,2343.71,2329.04,2346.38,2322.45,2345.2,2340.2,2342.76,2344.02,2347.29,2317.21,2344.33,2346.99,2301.04,2335.53,2347.09,2344.82,2349.91,2334.8,2350.9,2345.87,2342.14,2345.28,2342.76
FishingDerby,-99.0,-96.24,-98.48,-97.0,-91.66,-98.12,-88.09,-73.54,-64.96,-61.93,-37.23,-20.22,-6.59,-3.77,14.21,12.16,11.65,6.87,17.88,15.36,17.57,26.58,27.25,31.26,31.7,30.56,31.46,28.83,28.16,32.68,25.72,31.32,32.9,33.21,31.91,34.32,34.29,33.98,34.54,30.61,35.34,36.38,36.54,35.25,33.0,35.17,34.68,37.18,36.09,35.54,36.38,38.4,37.25,38.66,36.0,40.88,39.24,36.9,39.42,36.78,37.84,35.26,40.22,35.78,41.02,36.78,40.94,41.36,38.96,39.54,38.34,40.14,41.98,40.41,40.66,41.68,41.9,40.7,42.94,41.93,36.2,42.3,43.7,41.36,40.38,43.3,38.02,37.94,40.46,41.12,42.26,40.22,42.46,42.73,41.4,42.44,42.96,41.32,42.65,42.76,43.02,43.04,44.5,40.66,43.2,44.03,30.87,40.76,40.12,40.73,41.11,41.43,41.56,42.24,41.86,41.81,39.89,40.59,42.02,43.98,42.48,41.75,41.7,44.5,41.4,42.62,50.56,51.5,50.34,42.28,51.74,50.38,51.68,51.64,51.96,52.24,45.48,52.0,51.7,51.28,51.1,52.34,50.86,50.76,51.68,44.04,50.84,50.24,49.94,50.16,50.18,51.26,51.5,51.88,52.18,50.44,50.78,51.64,51.74,51.38,51.56,51.58,44.9,51.62,47.66,48.26,51.02,52.02,51.74,51.0,51.28,50.74,51.5,50.51,51.24,51.56,46.98,50.32,50.56,51.96,51.86,49.02,49.58,53.04,51.0,53.2,54.38,54.1,53.66,53.51,54.66,51.54,53.06,54.16,55.98,55.6,55.78,55.28,56.04,55.22
Freeway,0.0,0.0,21.65,0.0,6.57,5.0,15.9,27.93,28.34,31.3,30.97,31.35,31.8,32.1,31.8,32.09,32.28,32.08,32.12,32.27,31.84,32.39,32.86,32.65,32.62,32.46,32.76,32.55,32.62,32.97,32.76,33.12,33.23,33.35,33.47,33.35,33.26,33.19,32.88,33.63,33.65,33.21,33.24,33.35,33.53,33.79,33.66,33.62,33.46,33.52,33.18,33.42,33.47,33.64,33.54,33.7,33.34,33.48,33.62,33.71,33.46,33.53,33.47,32.84,33.36,33.19,33.53,33.45,33.51,33.54,33.64,33.62,33.54,33.6,33.54,33.35,33.56,33.67,33.59,33.66,33.56,33.38,33.73,32.33,33.61,33.58,33.54,33.58,33.69,33.55,33.62,33.7,33.57,32.37,33.72,33.7,33.65,33.7,33.68,32.67,33.2,33.36,33.65,33.45,33.65,33.54,33.76,33.63,33.58,33.58,33.58,33.58,33.73,33.52,33.63,33.7,33.44,33.64,33.49,33.57,33.55,33.49,33.57,33.74,33.69,33.58,33.9,33.79,33.87,33.85,33.94,33.92,33.87,33.56,33.81,33.8,33.91,33.83,33.89,33.79,33.85,33.89,33.87,33.86,33.66,33.84,33.89,33.88,33.91,33.96,33.88,33.81,33.91,33.91,33.7,33.83,33.79,33.92,33.93,33.9,32.99,33.89,33.7,33.92,33.93,33.92,33.89,33.9,33.8,33.91,33.86,33.91,33.74,33.9,33.89,33.9,33.81,33.71,33.89,33.89,33.72,33.73,33.9,33.89,33.96,33.87,33.86,33.87,33.87,33.92,33.88,33.8,33.95,33.78,33.9,33.92,33.82,33.91,33.86,33.93
Frostbite,16.9,211.8,221.0,228.5,794.1,737.9,267.1,349.4,808.9,1219.0,1340.7,1972.3,2975.5,3051.0,3345.2,3509.1,3780.5,3875.6,3945.3,4406.3,4507.1,4348.7,4393.9,3270.8,3346.2,2923.8,3566.1,4433.5,4569.2,5039.0,5294.7,5374.0,5232.9,5186.4,5386.4,5902.4,5904.2,5702.8,5659.5,5845.3,6024.2,4900.3,5796.6,6021.4,5447.0,4618.9,5860.5,6171.8,5717.0,5960.2,5571.3,5970.6,5773.3,6169.0,5677.2,6133.4,5892.6,5855.1,5641.0,5709.8,5432.0,6111.1,5915.2,6114.0,6094.4,5947.3,5738.2,6037.7,5887.0,6161.7,6235.0,6116.5,6261.1,6138.0,5707.9,6145.0,6114.7,6105.9,6317.0,6428.8,6143.1,6128.3,6307.8,5832.3,6248.8,6157.9,6071.2,6400.1,6432.3,5991.3,6260.7,6222.9,6490.7,6308.9,6066.9,6001.8,5910.6,6329.8,6365.0,6431.6,6648.3,6163.6,6202.2,5849.2,6077.5,6262.4,6843.2,5650.4,6368.3,5940.4,6668.0,6929.7,6366.0,7463.1,7754.1,7154.5,7822.4,7978.9,8367.2,7456.6,9198.2,9116.6,8347.9,8298.8,8574.7,8472.2,9132.6,8979.8,9089.6,9777.0,10141.0,10119.6,9706.4,9693.9,9227.5,10388.1,10036.2,9753.1,10365.1,11195.9,9981.3,11484.7,10520.4,9206.3,11009.9,11753.5,11367.2,12621.0,11974.6,12915.8,11737.8,11849.2,12144.2,12567.8,11889.8,12862.3,12331.4,10383.2,12323.9,13539.9,13383.6,13070.0,12336.0,13156.6,14268.9,14141.2,13452.0,13622.6,7800.8,11773.0,14327.5,13886.2,13441.6,13963.8,14253.1,13934.2,15382.6,15317.5,13912.0,15205.5,14802.6,16503.5,14783.2,14960.7,12804.6,15944.7,13059.4,15162.5,15036.0,16534.9,16826.0,17200.4,14502.6,14312.4,13262.8,13482.2,12797.9,15967.2,19331.8,16618.8
Gopher,43.0,115.8,321.6,501.8,618.2,1290.2,1442.0,1457.2,1347.0,2410.8,3363.8,3603.8,3167.8,3536.0,4051.2,4378.4,4489.8,5220.6,3844.0,5765.6,6199.4,5340.4,8189.0,6127.2,9182.4,9883.6,9559.0,14128.4,10735.0,8500.4,15087.6,9704.2,10574.6,10445.4,11014.8,13517.8,10212.8,24336.0,16773.2,13508.8,10845.2,18458.8,12408.6,12476.8,16914.2,16526.4,18503.0,25920.0,11132.8,15923.6,20812.4,27132.2,17965.4,19079.2,12861.4,17679.6,20877.2,30702.8,29740.4,21743.4,20488.4,24627.2,13290.2,15037.6,13670.8,28143.8,22397.0,12205.6,24828.0,30105.0,26403.4,17983.2,35002.2,12337.2,33537.0,39695.4,36345.6,30625.0,25973.6,29583.0,26847.4,25740.0,23448.8,34057.0,33870.6,17098.6,20851.6,23476.0,31261.2,25434.4,22331.2,48176.0,18489.4,25463.0,54783.8,15262.6,27189.6,30511.6,20145.6,28385.0,34616.2,50994.6,36871.2,18945.8,26846.4,28193.0,49312.8,31259.6,30122.0,30617.0,30178.4,51260.0,18317.6,21039.2,26201.2,19604.0,29614.6,50524.8,16900.2,23258.0,32545.4,16453.4,48901.4,13292.6,35023.6,44623.2,50924.0,46349.6,31823.6,77919.0,36835.6,52870.2,30611.0,51000.8,54490.2,67381.4,61766.2,63209.2,50185.2,41269.0,20309.6,65044.6,76357.8,70286.4,71699.6,62625.8,31272.8,64634.6,67482.4,66964.8,48418.6,33083.0,44496.4,71708.6,71466.0,61841.2,45425.6,59201.4,16651.0,66083.0,61656.2,25053.8,64324.0,60980.6,36790.6,72483.8,52122.6,49240.6,28663.4,82859.0,43837.4,69922.4,45913.0,55882.8,60090.4,18405.8,68827.8,25011.0,61931.6,42856.4,72617.6,83183.2,38316.4,99739.4,62890.0,62191.2,26774.2,27191.6,75978.4,61583.8,71675.6,99000.8,92950.4,92744.8,29732.0,41568.6,21857.2,92439.8,48346.6,50252.8
Gravitar,136.0,3.0,45.0,42.5,54.5,142.5,256.5,102.0,127.5,50.5,37.0,229.5,358.0,309.0,283.0,251.5,422.5,256.5,374.0,290.5,362.5,361.5,530.0,609.0,572.0,623.0,781.0,881.5,895.5,975.0,990.5,1106.0,1116.5,1077.5,1138.0,999.5,1689.0,1827.0,1778.5,1739.5,1823.5,1750.0,2192.5,1785.0,2607.5,2024.0,3151.0,2430.0,2020.0,2254.0,2819.5,2437.5,2226.5,2777.0,3064.5,2572.0,2462.0,2169.5,2560.5,2809.0,2757.5,2544.5,2796.5,2657.5,1768.5,3112.5,2993.0,3210.0,2833.0,2844.0,3166.0,3159.5,3200.0,3351.5,2510.5,2449.0,2809.0,2798.5,3653.0,3375.0,2907.0,3350.0,3231.5,3103.0,3206.5,3269.5,2843.0,3592.5,3262.0,2532.0,3222.5,3502.0,2936.5,3712.5,3050.5,3407.0,3411.0,2569.0,3366.0,2784.0,2921.5,3597.5,3083.0,3809.5,3379.5,3194.0,2686.5,3052.5,2750.0,3179.5,3505.5,3417.5,2746.5,3019.5,3622.0,3578.0,3101.5,3130.5,2997.0,3174.5,3227.0,3245.5,2870.0,2845.5,3538.5,3450.0,4123.0,4580.5,3714.0,3995.5,4275.5,4091.0,3812.0,3499.5,3136.0,4179.0,3375.5,4257.0,3549.5,3234.0,3772.0,3399.5,4056.0,3482.5,3955.5,4585.0,4286.0,4416.0,3999.5,4526.0,4542.0,4784.5,4771.5,4931.0,4793.5,4005.5,5055.0,4998.0,4306.0,5058.0,4455.5,4134.5,4719.5,4504.5,3798.5,3163.0,3953.5,3639.5,4660.0,4756.0,4826.5,4501.5,4120.5,4462.0,5042.5,4659.0,4897.5,5130.0,5166.5,5056.0,5284.0,4734.5,4896.0,4082.0,4698.0,4772.0,4712.5,4303.5,4633.5,3560.0,3340.5,4413.5,4060.5,4572.5,4827.0,4792.0,4685.0,4592.5,4186.0,4304.5
Hero,0.0,3349.55,4330.6,3194.0,2403.6,6949.95,11075.7,6786.9,3172.5,9893.05,3071.3,12513.2,12191.1,12922.1,13436.9,13566.3,13577.4,13783.35,13652.8,13750.7,13764.05,13765.9,13747.75,13756.65,13687.95,17392.15,13811.4,14283.45,15366.9,15271.6,18392.35,17269.75,15902.85,18521.7,19287.95,18741.15,19547.0,19709.3,19631.25,19965.0,19905.3,19245.2,19256.85,15724.65,18662.05,17470.7,17599.65,14221.3,16275.9,15641.55,15051.8,16972.65,20152.5,17696.85,20858.0,21367.15,21247.2,21436.05,21032.0,21289.45,21380.8,21026.75,20854.2,21339.6,21364.85,21253.65,21219.0,20755.05,21405.85,21446.2,16409.7,21287.0,20628.1,21291.65,21378.2,21449.9,21462.7,21166.05,21124.4,20694.45,21184.3,21260.3,21341.4,21289.25,21334.7,21363.1,21167.65,21408.5,21361.55,21214.7,21468.65,21415.45,21175.85,21099.6,21421.45,21320.65,21514.9,21428.05,21378.7,20680.65,21483.25,21405.35,21470.6,21460.5,21190.65,21439.5,21188.7,20902.7,21218.9,21390.9,21204.6,21363.45,21445.85,21339.5,21358.9,21374.4,21378.75,21253.6,21390.6,21381.75,21091.2,21307.3,21202.25,21407.2,21325.45,21310.9,21502.2,21514.9,21491.8,21504.4,21522.4,21559.5,21511.9,21408.4,21505.2,21534.4,20346.7,21503.95,21554.8,21531.4,21505.3,21524.9,21486.5,21505.8,21507.9,21501.8,21510.4,21482.3,21527.7,21513.6,21429.0,21392.2,21496.3,21503.6,21467.6,21494.9,21493.3,21502.8,21379.35,21496.1,21506.0,21473.1,21486.1,18916.0,21507.4,21520.0,21122.75,21510.2,21537.1,21509.9,21508.8,21496.5,21507.4,21221.5,21493.1,21501.2,21485.9,21503.6,21492.3,21425.5,21446.8,21510.4,21510.5,21491.6,21495.1,21490.0,21506.0,21512.4,21508.8,21504.5,21492.0,21499.3,21518.0,21519.8,21525.7,21472.2,21519.3,21516.05,21517.6,21485.9
IceHockey,-12.94,-11.39,-12.58,-15.65,-15.2,-11.02,-12.13,-1.19,-4.29,-2.17,-0.34,1.32,2.1,2.39,4.8,5.52,6.7,4.63,7.76,3.93,9.98,9.53,12.87,8.04,13.23,10.24,12.04,12.19,15.38,16.31,16.17,16.24,16.34,14.66,17.37,18.19,17.27,20.9,16.39,17.55,23.82,18.96,19.95,22.11,21.09,23.88,23.48,24.22,25.34,23.89,23.29,23.58,26.27,26.84,25.02,25.97,27.96,24.35,25.63,26.27,27.11,25.92,25.96,23.57,27.47,22.3,25.58,27.97,26.59,26.15,28.31,25.63,26.95,23.08,27.52,25.9,30.63,28.64,28.15,25.59,27.64,28.55,29.2,27.91,29.04,27.76,29.01,31.33,29.11,30.86,30.67,30.24,30.9,32.59,30.77,31.07,29.52,30.4,26.6,28.1,28.1,30.72,28.58,30.62,30.25,30.47,31.01,30.47,31.49,30.12,30.39,29.15,27.48,28.25,32.05,29.16,29.73,29.78,29.95,33.56,33.65,31.02,30.93,31.53,27.28,32.42,32.39,33.92,32.08,34.66,33.66,33.89,35.02,35.27,29.54,34.11,35.29,32.17,35.24,34.95,35.13,32.06,34.48,34.54,35.14,35.02,33.36,33.07,33.91,33.32,34.18,35.38,33.77,32.92,34.02,36.5,34.54,36.67,33.62,34.5,36.5,35.43,34.87,36.46,35.91,36.32,35.38,36.33,35.37,35.85,35.02,35.4,31.76,35.61,35.26,34.11,34.87,34.45,35.44,34.28,36.4,34.93,36.21,33.93,36.55,33.93,37.83,36.73,37.28,35.81,37.09,35.83,37.08,35.21,38.17,36.14,38.3,37.07,36.96,36.55
Jamesbond,3.5,4.0,54.0,43.0,78.0,110.5,91.0,88.0,182.0,179.5,256.0,406.5,489.0,489.0,548.0,529.5,660.0,852.0,807.0,915.0,926.0,761.5,1000.0,1006.0,1585.5,1308.0,823.5,986.0,997.5,1056.5,1446.5,1493.5,1605.5,1660.5,1668.0,3330.5,3925.0,4352.0,4389.0,5221.0,6208.0,4425.5,5008.5,4874.5,5920.5,4921.0,8746.0,5290.5,8568.5,8214.5,5679.5,6322.0,9713.5,10207.0,12732.0,9623.0,9304.5,13332.5,9876.5,13096.5,13747.5,9394.5,13018.0,6246.0,7525.0,7881.0,8283.5,9759.0,13029.0,13859.0,9642.0,10216.5,9634.5,8583.5,12096.0,12704.0,12574.0,9509.0,10253.5,11911.5,8899.0,13491.0,13381.5,10845.5,12485.5,11889.5,10369.5,6149.5,12981.0,9155.5,12699.0,8345.5,6211.0,9697.0,8421.5,11020.5,7080.5,18163.0,8724.0,11349.0,16412.0,9327.0,4541.0,7818.5,8484.0,13750.5,9329.0,7452.5,10930.0,4498.0,3604.5,9772.0,9653.5,4146.5,6674.5,11195.0,12105.0,8141.0,10006.0,4154.0,7900.0,5169.0,8997.0,10316.5,11949.0,6722.5,21450.0,27055.5,20431.5,14988.5,12380.5,7752.0,21275.5,16839.5,22195.0,12204.5,15853.5,21303.0,14087.0,17333.0,16887.0,10253.5,17939.0,16248.0,12995.0,12209.0,16429.0,18428.0,18928.0,16495.5,17405.0,6895.5,12111.5,10296.5,16618.5,20541.0,24487.5,21111.0,24841.5,26706.5,14458.0,20356.5,23087.5,18714.5,29828.0,15493.0,10583.5,15628.0,19797.0,21562.0,17052.0,20302.5,20473.0,12131.5,18164.0,15206.0,14319.5,20548.0,16834.5,21516.0,16989.0,13331.0,8948.5,16548.5,15459.5,13633.0,18917.0,17053.5,14758.0,21536.0,8749.5,16831.0,20459.0,11984.5,20291.5,12258.5,5616.5,10353.5,10546.5,14919.0
JourneyEscape,-9932.0,-5552.0,-807.0,-2422.0,-1053.0,-864.0,-491.0,-399.0,-518.0,-652.0,-819.0,-507.0,-600.0,-123.0,-525.0,-1134.0,-632.0,-274.0,97.0,-521.0,-327.0,-272.0,-140.0,165.0,100.0,5.0,361.0,-15.0,28.0,365.0,619.0,257.0,619.0,668.0,1067.0,990.0,653.0,1456.0,1208.0,1152.0,644.0,423.0,1581.0,1547.0,1235.0,1769.0,2048.0,1856.0,789.0,1523.0,714.0,1761.0,2203.0,3972.0,1892.0,2506.0,2018.0,1786.0,655.0,967.0,2358.0,1236.0,2006.0,1504.0,1855.0,1530.0,1868.0,1113.0,2866.0,1066.0,778.0,1748.0,1542.0,2497.0,2615.0,3078.0,4131.0,2098.0,1572.0,1881.0,2363.0,1310.0,2996.0,1585.0,1400.0,1331.0,2951.0,2278.0,1636.0,710.0,2753.0,2270.0,1822.0,2319.0,3524.0,1526.0,4135.0,2287.0,3141.0,2668.0,2871.0,3969.0,4145.0,2188.0,3676.0,3643.0,3179.0,3506.0,3414.0,3285.0,3882.0,3022.0,3008.0,2198.0,1663.0,1896.0,1229.0,3041.0,2437.0,3296.0,3218.0,3793.0,4548.0,4490.0,4585.0,3724.0,2912.0,3057.0,5166.0,3212.0,2653.0,3653.0,2408.0,3819.0,3469.0,3460.0,2345.0,2621.0,2908.0,3309.0,3358.0,3619.0,1412.0,2364.0,3403.0,2962.0,3805.0,3646.0,4089.0,2127.0,4567.0,3320.0,3837.0,4516.0,2543.0,3061.0,3096.0,2459.0,4529.0,3526.0,3931.0,4216.0,4246.0,3800.0,2439.0,2988.0,3391.0,2677.0,2722.0,3075.0,4218.0,3471.0,4285.0,3328.0,3937.0,2362.0,3618.0,2643.0,3700.0,3315.0,2873.0,3494.0,3858.0,3782.0,3652.0,3807.0,3367.0,3182.0,2847.0,3585.0,2742.0,4230.0,3746.0,2929.0,3673.0,3558.0,3579.0,3946.0,3127.0,4018.0
Kangaroo,2.0,6.0,12.0,252.0,354.0,64.0,632.0,348.0,1428.0,1738.0,1738.0,1818.0,1824.0,1794.0,1776.0,1854.0,2100.0,2130.0,2042.0,2024.0,2048.0,2062.0,2350.0,2124.0,2162.0,2176.0,2012.0,2232.0,2464.0,2658.0,2836.0,2302.0,2592.0,2712.0,3380.0,2474.0,3778.0,3628.0,3494.0,3450.0,3902.0,3852.0,3236.0,3911.0,4140.0,3984.0,4513.0,5408.0,4927.0,6132.0,5448.0,6163.0,5658.0,6686.0,7171.0,6274.0,7466.0,6596.0,6165.0,6643.0,7072.0,7705.0,6700.0,8100.0,6293.0,7559.0,7976.0,6286.0,7519.0,7936.0,8273.0,5739.0,4834.0,5965.0,5609.0,7276.0,5793.0,6520.0,6721.0,6137.0,7150.0,6506.0,6044.0,6146.0,6837.0,6935.0,7626.0,6656.0,6932.0,8251.0,7385.0,7024.0,6343.0,5770.0,6283.0,6428.0,5835.0,5324.0,6159.0,6114.0,4292.0,7424.0,7435.0,6738.0,6008.0,5756.0,7691.0,6524.0,4892.0,5072.0,6459.0,7012.0,7352.0,7213.0,6731.0,5815.0,5239.0,4513.0,6453.0,3479.0,5966.0,7284.0,7349.0,6902.0,7028.0,7492.0,9683.0,12321.0,11792.0,11714.0,11768.0,11880.0,10461.0,11813.0,11101.0,10290.0,12480.0,11406.0,10267.0,12648.0,9242.0,11749.0,12345.0,12435.0,13257.0,12971.0,13100.0,13266.0,10832.0,10660.0,11353.0,12561.0,13227.0,13205.0,11790.0,12697.0,13001.0,9876.0,12154.0,13004.0,12504.0,13060.0,12994.0,13488.0,11006.0,13167.0,12111.0,13849.0,13524.0,11438.0,13003.0,13512.0,12958.0,13047.0,13547.0,13082.0,12966.0,12421.0,12596.0,13463.0,13291.0,13119.0,11649.0,11514.0,12490.0,12439.0,12835.0,12920.0,13450.0,13218.0,12292.0,13368.0,13339.0,13195.0,13279.0,13261.0,13384.0,13269.0,10805.0,13792.0
Krull,130.8,1618.8,6273.8,5777.9,7514.0,7303.6,6024.0,7284.5,7795.6,8307.4,7290.2,8668.4,7295.0,8090.5,8756.9,8136.2,7196.2,8149.8,9399.0,9770.1,9519.3,9829.0,9818.7,9488.7,10087.1,9956.9,8068.2,9588.7,9302.3,8803.1,9253.5,10002.5,9039.1,9235.9,9664.6,9426.2,10111.1,10021.8,10072.6,9755.2,9737.7,9710.5,10121.9,10097.8,9558.1,9922.9,9720.8,10111.8,10000.4,10166.0,9781.0,9855.4,9747.4,9806.3,10074.2,10179.5,10233.8,10123.8,9761.2,10076.0,9787.5,10072.9,10017.6,10037.8,10069.7,10164.8,10105.9,10154.1,9384.0,8131.9,8437.0,7275.9,9887.7,9809.7,9196.0,9792.1,10246.4,9873.5,10484.1,10415.1,10516.5,10034.5,10342.2,10086.8,10308.2,10171.7,10480.3,10356.0,10464.9,10498.5,10400.6,10378.9,10168.2,9946.4,10018.1,10236.8,10112.0,10396.3,10370.0,10325.1,10130.0,10131.6,10325.3,10526.3,10218.7,10500.4,10305.0,10508.2,10305.3,10378.4,10464.4,10271.4,10622.8,10457.9,10397.4,10321.8,10405.8,10305.0,10607.2,10387.2,10259.8,10379.7,9937.4,10240.8,10099.3,10161.3,10601.8,10642.2,10848.5,10389.1,10344.8,10475.9,10554.4,10946.6,10477.2,10586.5,10704.9,10721.2,10719.4,10723.7,10798.0,10346.5,10523.6,10770.3,11103.2,10678.5,10791.1,10728.1,10434.7,10338.1,10693.3,10611.9,10460.4,10397.5,10555.4,10329.6,10606.6,10898.4,10745.5,10933.4,10607.0,10192.6,10642.0,10701.9,10795.6,10922.8,11014.1,10817.8,10676.8,10431.2,10464.6,10464.3,10613.1,10255.0,11123.6,10767.2,10691.4,10693.0,10401.4,10485.4,10644.6,10582.9,10809.8,10585.6,10764.1,10943.6,10933.4,10777.9,10476.4,10757.0,10760.0,10483.0,10505.0,10554.7,10812.5,10821.4,10606.6,10930.6,10764.7,11045.2
KungFuMaster,14.0,3388.0,4583.0,11823.0,10925.0,8142.0,13471.0,21316.0,15733.0,16229.0,17745.0,17870.0,19894.0,20140.0,18225.0,20522.0,26300.0,20945.0,24655.0,24227.0,24127.0,20416.0,17841.0,20033.0,21012.0,23846.0,20723.0,25827.0,29771.0,23912.0,25770.0,24569.0,25808.0,23424.0,34850.0,33505.0,41418.0,40987.0,28095.0,27050.0,27040.0,33289.0,37451.0,33324.0,40346.0,33489.0,26977.0,29114.0,37920.0,32906.0,31245.0,38392.0,32066.0,38172.0,40533.0,40229.0,38970.0,35385.0,29846.0,29778.0,30760.0,38419.0,38642.0,35136.0,31111.0,34352.0,41523.0,43556.0,49681.0,39179.0,36652.0,36834.0,46256.0,44846.0,38244.0,48454.0,46275.0,44608.0,36559.0,41685.0,43886.0,41448.0,45428.0,39615.0,45935.0,43366.0,40742.0,37557.0,40051.0,47691.0,43789.0,48426.0,51015.0,44446.0,54330.0,44665.0,38235.0,44897.0,38769.0,39769.0,44672.0,44244.0,47597.0,48312.0,48122.0,50012.0,41015.0,42211.0,41181.0,52714.0,42977.0,43382.0,47958.0,50924.0,51154.0,40327.0,46335.0,43244.0,41653.0,45647.0,46446.0,46709.0,46290.0,47642.0,48967.0,49101.0,51728.0,47925.0,53100.0,50105.0,48751.0,46814.0,49996.0,51003.0,47724.0,48289.0,49485.0,50124.0,48040.0,54311.0,48864.0,52572.0,47738.0,43687.0,50933.0,52224.0,51573.0,51638.0,52239.0,46785.0,47923.0,45880.0,50290.0,52471.0,48126.0,51984.0,51360.0,53769.0,52231.0,50338.0,53772.0,50561.0,51188.0,49039.0,50429.0,52018.0,49438.0,49377.0,49318.0,52174.0,48023.0,46701.0,45624.0,43912.0,44765.0,44576.0,43647.0,40138.0,47254.0,43039.0,43223.0,43122.0,44687.0,43785.0,42262.0,43334.0,44869.0,43722.0,39281.0,46198.0,45707.0,48537.0,46888.0,45635.0,44975.0,45954.0,46827.0,45602.0,46549.0,44509.0
MontezumaRevenge,0.0,0.0,0.0,0.0,0.0,0.0,0.0,0.0,0.0,0.0,0.0,0.0,0.0,0.0,0.0,0.0,0.0,0.0,0.0,0.0,0.0,0.0,0.0,0.0,0.0,0.0,0.0,0.0,0.0,0.0,0.0,0.0,0.0,0.0,0.0,0.0,0.0,0.0,0.0,0.0,0.0,0.0,0.0,0.0,0.0,0.0,0.0,0.0,0.0,0.0,0.0,0.0,0.0,0.0,0.0,0.0,0.0,0.0,0.0,0.0,0.0,0.0,0.0,0.0,0.0,0.0,0.0,0.0,0.0,0.0,0.0,0.0,0.0,0.0,0.0,0.0,0.0,0.0,0.0,0.0,0.0,0.0,0.0,0.0,0.0,0.0,0.0,0.0,0.0,0.0,0.0,0.0,0.0,0.0,0.0,0.0,0.0,0.0,0.0,0.0,0.0,0.0,0.0,0.0,0.0,0.0,0.0,0.0,0.0,0.0,0.0,0.0,0.0,0.0,0.0,0.0,0.0,0.0,0.0,0.0,0.0,0.0,0.0,0.0,0.0,0.0,0.0,0.0,0.0,0.0,0.0,0.0,0.0,0.0,0.0,0.0,0.0,0.0,0.0,0.0,0.0,0.0,0.0,0.0,0.0,0.0,0.0,0.0,0.0,0.0,0.0,0.0,0.0,0.0,0.0,0.0,0.0,0.0,0.0,0.0,0.0,0.0,0.0,0.0,0.0,0.0,0.0,0.0,0.0,0.0,0.0,0.0,0.0,0.0,0.0,0.0,0.0,0.0,0.0,0.0,0.0,0.0,0.0,0.0,0.0,0.0,0.0,0.0,0.0,0.0,0.0,0.0,0.0,0.0,0.0,0.0,0.0,0.0,0.0,0.0
MsPacman,174.4,714.3,997.8,1107.6,1380.5,1679.9,2114.9,2159.2,2087.9,2142.2,2257.0,2243.1,2732.6,1987.4,2983.1,3537.0,3610.5,3518.1,4134.0,3733.2,3005.0,2901.7,3198.1,3091.7,3000.4,3630.3,4191.9,3700.9,3998.7,5133.2,4225.0,4423.0,4889.9,4545.4,4115.9,4453.7,4548.2,4549.1,4657.3,4231.3,4618.0,5341.3,5147.2,5850.4,5662.0,5561.0,5348.91,5782.72,6187.17,5439.12,5791.11,6093.52,5455.11,5646.7,5985.31,6176.34,6012.5,5439.51,6552.74,6506.73,6494.72,6569.6,6306.83,6402.61,5771.51,5756.15,5679.01,6828.5,6687.45,6502.56,7407.19,6142.21,7052.33,5617.72,7225.04,7019.67,7207.28,6954.3,7051.78,6140.09,6388.14,7125.66,7580.49,6986.28,7294.34,7336.01,7674.79,6534.51,6843.18,6269.46,7360.09,7070.91,7219.12,6720.7,7169.31,8082.35,7705.74,7173.12,7876.91,7653.99,7306.99,8198.96,7620.35,7203.61,7615.57,7452.32,7510.01,8299.88,7345.65,7030.75,6910.32,8182.04,7809.9,8302.88,7564.88,7759.19,7172.74,7324.36,7704.9,8185.43,7430.66,9074.62,8151.05,8585.3,6657.03,8183.44,8257.23,10545.26,9182.97,9693.12,8345.55,8995.75,7968.84,9800.39,6638.22,8301.64,9089.31,9474.27,9756.12,9187.56,9370.74,8175.69,8505.26,8920.1,10119.46,9158.92,8780.68,9315.34,7984.83,7492.02,10161.4,9748.97,9523.71,9171.33,8475.88,9719.98,9046.15,9102.74,8666.8,8991.4,11067.27,9081.62,8850.39,7754.14,8555.73,8691.96,10024.71,8769.36,9405.94,8752.79,8938.52,9159.38,10472.11,9711.4,11254.77,8272.82,10100.33,9712.77,8893.12,10068.83,10504.1,9958.41,9348.11,10690.37,8417.44,9228.88,10281.03,10628.38,8923.18,10578.28,9445.94,11493.85,9462.78,10422.38,9526.19,10349.13,11019.04,8953.52,9344.07,8953.49
NameThisGame,451.2,2110.0,4155.633333333333,7024.966666666666,11015.333333333334,11777.666666666666,11998.633333333333,11647.066666666668,13113.633333333333,13448.9,14632.033333333333,15301.866666666667,16070.1,16272.833333333334,16029.8,16613.533333333333,17437.733333333334,18201.533333333333,14877.666666666666,18940.9,18802.733333333334,18188.033333333333,18353.366666666665,19194.533333333333,20339.733333333334,21021.233333333334,19622.233333333334,20019.233333333334,20186.533333333333,21623.166666666668,21452.666666666668,21268.533333333333,22202.533333333333,21785.966666666667,22069.266666666666,21914.966666666667,22956.933333333334,22842.833333333332,22952.9,22190.566666666666,22781.566666666666,23008.333333333332,23313.633333333335,20651.933333333334,23231.8,22876.3,23348.1,23403.133333333335,23161.7,23275.533333333333,23538.633333333335,22885.433333333334,23503.033333333333,23793.633333333335,23645.166666666668,23154.0,23227.766666666666,24064.033333333333,23547.9,24207.2,23746.733333333334,23969.8,24285.033333333333,24065.933333333334,24019.466666666667,23818.3,23771.533333333333,24418.966666666667,24713.9,24803.8,24525.866666666665,24333.166666666668,24600.366666666665,24816.433333333334,24723.766666666666,24230.4,25506.366666666665,24584.5,24507.466666666667,25065.033333333333,25249.3,24810.4,24897.833333333332,24786.7,24882.133333333335,24894.166666666668,24978.566666666666,24908.366666666665,24775.4,25206.2,25219.2,25294.3,24814.066666666666,25175.2,25506.7,25847.8,25633.6,25230.766666666666,25137.766666666666,24817.1,25506.266666666666,26514.3,25914.433333333334,26255.466666666667,25966.233333333334,25668.966666666667,25031.066666666666,25946.933333333334,25413.633333333335,25670.3,26433.366666666665,27026.333333333332,26306.333333333332,26790.033333333333,26660.833333333332,26697.366666666665,26259.9,25903.533333333333,25047.633333333335,26399.666666666668,25454.166666666668,26536.5,26649.766666666666,25849.3,26476.0,26344.4,26477.9,26153.166666666668,26521.6,26160.166666666668,27038.266666666666,26693.7,25935.1,26845.3,26734.7,25894.0,26651.566666666666,27028.033333333333,26655.733333333334,26634.6,26560.866666666665,26673.333333333332,26790.2,26906.533333333333,27096.333333333332,26745.0,26446.166666666668,26551.366666666665,26746.9,27116.2,27074.966666666667,25973.133333333335,26360.3,26674.066666666666,26357.166666666668,27460.966666666667,27285.5,26834.433333333334,26798.133333333335,26861.6,27221.5,27325.566666666666,27215.633333333335,27341.866666666665,27420.166666666668,27676.133333333335,27508.8,27045.866666666665,28047.4,27084.566666666666,27285.933333333334,27129.366666666665,27498.2,28037.7,27515.933333333334,27612.633333333335,27565.666666666668,27092.5,27055.2,27227.466666666667,27120.8,28409.033333333333,27307.133333333335,27684.566666666666,28209.7,28080.266666666666,27952.866666666665,28709.566666666666,28253.566666666666,27773.2,28655.0,28100.0,27853.233333333334,27798.266666666666,27089.6,28188.533333333333,27507.1,27274.966666666667,27683.966666666667,27653.933333333334
Phoenix,20.333333333333332,248.53333333333333,239.73333333333332,5465.566666666667,13031.333333333334,11020.1,8021.9,17474.933333333334,21225.633333333335,13535.6,15170.5,19593.166666666668,18018.9,22147.166666666668,23233.533333333333,22310.1,23457.033333333333,28298.266666666666,30735.8,31085.133333333335,38789.76666666667,37327.3,37032.833333333336,30146.933333333334,39104.666666666664,35076.1,46838.96666666667,38025.5,53061.23333333333,29716.8,34812.833333333336,56057.333333333336,60460.2,63426.066666666666,69769.63333333333,60656.833333333336,80947.0,71200.1,117449.63333333333,70786.36666666667,81089.0,78374.06666666667,100696.73333333334,56434.5,105009.03333333334,112133.86666666667,153651.83333333334,81633.8,94587.9,98015.96666666666,90096.13333333333,119638.36666666667,158807.06666666668,130716.73333333334,92221.7,132355.16666666666,85165.16666666667,134370.3,82474.86666666667,131357.96666666667,105763.13333333333,164155.4,116444.26666666666,89749.13333333333,159695.0,133372.46666666667,143045.83333333334,100354.16666666667,195103.73333333334,137122.0,187383.6,167795.83333333334,169886.53333333333,221391.03333333333,135480.56666666668,80716.8,224563.0,87603.7,168229.2,142565.23333333334,124593.23333333334,161314.03333333333,58418.1,142002.6,152917.8,123096.43333333333,189091.66666666666,212638.36666666667,152528.5,114923.8,163687.2,107162.3,233324.86666666667,155277.8,194981.13333333333,185535.86666666667,210275.53333333333,106884.43333333333,181196.9,247725.06666666668,270767.4,129464.2,186374.26666666666,222661.73333333334,178283.5,154386.86666666667,212058.26666666666,142721.0,313526.9,240025.03333333333,264955.6666666667,229002.76666666666,188767.03333333333,255649.13333333333,187089.46666666667,176862.2,206324.46666666667,230839.53333333333,206248.5,208567.53333333333,174673.9,208950.73333333334,227095.23333333334,237111.73333333334,295502.13333333336,245828.46666666667,284635.5333333333,226120.0,221936.4,149816.7,201370.4,259871.93333333332,232743.76666666666,221141.73333333334,168706.63333333333,157434.83333333334,145681.23333333334,229677.43333333332,258978.5,179719.3,267169.73333333334,217969.9,205535.03333333333,209648.76666666666,131374.73333333334,236162.96666666667,231074.23333333334,315000.43333333335,209933.2,201519.73333333334,190858.43333333332,187669.86666666667,210783.3,306707.56666666665,245705.16666666666,164385.56666666668,212158.96666666667,299896.6,171597.23333333334,277547.6666666667,302212.63333333336,283402.63333333336,236773.7,164367.86666666667,237860.56666666668,346928.23333333334,213030.76666666666,259269.03333333333,202081.6,212924.93333333332,238821.83333333334,230484.83333333334,243019.33333333334,317519.9,263090.6666666667,318384.86666666664,116894.23333333334,367283.8333333333,234564.06666666668,228837.4,280082.43333333335,220689.6,146949.9,189617.66666666666,243849.96666666667,278642.2,266580.5333333333,211459.76666666666,256903.86666666667,314450.9,205680.13333333333,296718.13333333336,256087.43333333332,271626.5,336156.13333333336,223615.73333333334,330316.86666666664,299812.06666666665,350854.8,303923.2
Pitfall,-19.0,-8.04,-10.96,0.0,0.0,0.0,0.0,0.0,0.0,0.0,0.0,0.0,0.0,0.0,0.0,0.0,0.0,0.0,0.0,0.0,0.0,0.0,0.0,0.0,0.0,0.0,0.0,0.0,0.0,0.0,0.0,0.0,0.0,0.0,0.0,0.0,0.0,0.0,0.0,0.0,0.0,0.0,0.0,0.0,0.0,0.0,0.0,0.0,0.0,0.0,0.0,0.0,0.0,0.0,0.0,0.0,-0.46,0.0,0.0,0.0,0.0,0.0,0.0,0.0,0.0,0.0,0.0,0.0,0.0,0.0,0.0,0.0,0.0,0.0,0.0,0.0,0.0,-4.21,0.0,0.0,0.0,0.0,0.0,0.0,0.0,0.0,0.0,0.0,0.0,0.0,0.0,0.0,0.0,0.0,0.0,0.0,0.0,0.0,0.0,0.0,0.0,0.0,0.0,0.0,0.0,0.0,0.0,0.0,0.0,0.0,0.0,0.0,0.0,0.0,0.0,-0.45,0.0,0.0,0.0,-1.35,0.0,0.0,0.0,0.0,0.0,0.0,0.0,0.0,0.0,0.0,0.0,0.0,0.0,0.0,0.0,0.0,0.0,0.0,0.0,0.0,0.0,0.0,0.0,0.0,0.0,0.0,0.0,0.0,0.0,0.0,0.0,0.0,0.0,0.0,0.0,0.0,0.0,0.0,0.0,0.0,0.0,0.0,0.0,0.0,0.0,0.0,0.0,0.0,0.0,0.0,0.0,-0.5,0.0,0.0,0.0,-3.81,-4.57,0.0,0.0,0.0,-2.59,0.0,0.0,0.0,0.0,0.0,0.0,0.0,0.0,0.0,0.0,0.0,0.0,0.0,0.0,0.0,0.0,0.0,0.0,0.0
Pong,-20.6,-20.99,-13.58,-13.12,-10.03,-5.98,2.01,12.48,10.63,9.16,16.29,14.29,18.03,18.88,17.38,18.97,19.28,18.89,18.86,18.98,19.57,19.59,19.63,19.29,19.33,19.82,19.36,19.43,19.55,19.54,19.84,19.68,20.21,20.2,20.23,20.14,20.09,20.06,19.74,20.29,20.23,20.2,20.26,20.25,19.69,20.39,20.33,20.27,20.33,19.48,19.95,20.17,20.4,20.4,20.37,20.08,20.39,20.37,20.17,20.29,20.52,19.97,20.19,19.95,20.0,20.02,20.11,20.15,20.28,20.29,20.51,20.27,20.37,20.39,20.23,19.99,20.26,20.05,20.33,20.26,20.22,20.29,20.18,20.35,20.08,20.48,20.17,20.21,20.33,20.19,20.23,20.26,20.32,20.36,20.31,20.26,20.36,20.4,20.23,20.33,20.38,20.44,20.12,20.37,20.42,20.27,20.39,20.19,20.14,20.36,20.48,19.93,20.18,20.41,20.53,20.15,20.33,20.35,20.22,20.27,20.24,20.24,20.44,20.32,20.39,20.26,20.76,20.59,20.66,20.59,20.47,20.56,20.67,20.6,20.7,20.67,20.49,20.51,20.57,20.69,20.52,20.57,20.55,20.53,20.53,20.59,20.37,20.5,20.53,20.51,20.5,20.67,20.7,20.64,20.45,20.68,20.64,20.73,20.56,20.53,20.4,20.59,20.71,20.7,20.53,20.66,20.47,20.67,20.63,20.63,20.61,20.65,20.51,20.55,20.64,20.61,20.66,20.79,20.8,20.76,20.73,20.66,20.69,20.59,20.52,20.7,20.6,20.72,20.75,20.67,20.61,20.61,20.59,20.7,20.7,20.58,20.28,20.72,20.53,20.59
Pooyan,41.3,519.9,1729.1,1632.6,2924.15,3080.55,1700.5,2421.65,3022.55,2623.8,3095.65,4517.25,5506.25,6080.5,7757.05,6637.5,6973.0,7797.6,6540.65,7190.35,6197.35,8120.1,7149.15,7754.55,10186.9,10660.5,8879.45,9346.9,11352.1,9669.05,8812.0,10320.0,8837.4,8131.35,9958.5,9400.65,12290.1,13758.0,10026.5,10626.15,8905.65,9469.85,10980.05,10611.45,9417.15,13967.35,11104.65,8863.45,12711.15,10056.8,10368.35,10692.4,10676.8,14523.5,15084.75,15408.9,12191.55,13047.25,11714.35,12101.5,11760.25,14084.4,13776.3,9916.4,16589.8,14631.75,13378.65,16279.1,12793.75,13096.4,15776.55,12774.7,15123.8,13884.45,11406.6,14323.1,12563.1,11259.3,11917.9,9822.45,13063.75,12929.7,11104.7,9142.3,12771.8,13531.4,15162.45,13607.2,13460.7,10122.25,10276.55,11109.55,12572.6,9477.45,13034.2,13523.85,13876.35,14427.85,15045.4,16626.9,15842.7,12506.15,11725.0,11627.15,12651.25,14961.55,17615.45,15090.15,13756.4,13778.2,14504.85,12160.3,17177.1,13026.85,14082.8,14896.1,12637.5,13039.85,13251.0,11866.4,14265.7,13901.2,13176.1,15925.95,14224.9,16110.35,16382.35,15905.8,17086.5,12283.9,18591.9,16713.7,15091.25,13797.8,14582.2,17360.4,14120.5,16015.5,17729.8,19731.7,18788.95,24279.7,21033.9,17729.55,16847.65,17148.3,13893.25,13627.65,15010.95,19547.7,16778.4,16093.6,20212.05,17051.1,16657.15,18007.9,16175.2,17276.75,17304.65,17641.25,18338.4,14179.75,16467.9,14129.75,14771.3,14299.9,15610.15,15267.45,14939.65,12878.65,16882.2,16983.85,17951.15,16809.1,17099.6,17906.1,15200.25,14595.75,13212.9,18437.55,14117.5,13677.85,13271.75,16649.95,14535.65,20539.6,18817.5,17096.8,17362.5,19699.35,14075.25,17052.1,16533.25,17893.3,15602.7,14752.4,17921.1,12971.65,17624.0,15162.85
PrivateEye,-774.42,-10.71,0.0,0.0,0.0,0.0,100.0,100.0,100.0,0.0,0.0,100.0,100.0,100.0,100.0,3.0,100.0,100.0,100.0,100.0,100.0,100.0,100.0,97.0,100.0,100.0,100.0,100.0,100.0,100.0,100.0,100.0,100.0,100.0,100.0,100.0,100.0,100.0,100.0,100.0,100.0,100.0,100.0,100.0,100.0,100.0,100.0,100.0,100.0,100.0,100.0,100.0,100.0,100.0,100.0,100.0,100.0,100.0,100.0,100.0,100.0,100.0,100.0,100.0,100.0,100.0,100.0,100.0,100.0,100.0,100.0,100.0,100.0,100.0,100.0,100.0,100.0,100.0,100.0,98.97,100.0,100.0,100.0,100.0,100.0,100.0,100.0,100.0,100.0,100.0,100.0,100.0,100.0,100.0,100.0,100.0,100.0,100.0,100.0,100.0,100.0,100.0,100.0,100.0,100.0,100.0,100.0,100.0,100.0,100.0,100.0,100.0,100.0,100.0,100.0,100.0,100.0,100.0,100.0,100.0,100.0,100.0,100.0,100.0,100.0,100.0,100.0,100.0,100.0,100.0,100.0,100.0,100.0,100.0,100.0,100.0,100.0,100.0,100.0,100.0,100.0,100.0,100.0,100.0,100.0,100.0,100.0,100.0,100.0,100.0,100.0,100.0,100.0,100.0,100.0,100.0,100.0,100.0,100.0,100.0,100.0,100.0,100.0,100.0,100.0,100.0,100.0,100.0,100.0,100.0,100.0,100.0,100.0,100.0,100.0,100.0,100.0,100.0,100.0,100.0,100.0,100.0,100.0,-36.76,100.0,100.0,100.0,100.0,100.0,100.0,100.0,100.0,100.0,100.0,100.0,100.0,100.0,100.0,100.0,100.0
Qbert,67.58333333333333,260.1666666666667,463.0,280.5,371.3333333333333,532.0833333333334,859.8333333333334,908.0,1960.0,2069.8333333333335,3774.6666666666665,4021.6666666666665,3573.75,4385.833333333333,4205.166666666667,5858.416666666667,6039.833333333333,6466.25,6602.75,6563.166666666667,7444.333333333333,7458.166666666667,10078.916666666666,9975.0,10272.5,10249.583333333334,11270.5,13091.916666666666,13202.333333333334,13637.583333333334,12850.25,12710.0,14084.583333333334,14683.166666666666,14769.666666666666,14851.166666666666,14794.833333333334,15428.25,14234.166666666666,15558.0,14904.833333333334,15393.833333333334,14515.333333333334,15581.083333333334,15714.166666666666,15375.416666666666,15683.416666666666,16214.666666666666,16752.166666666668,15645.166666666666,16708.166666666668,16674.333333333332,17514.916666666668,18109.083333333332,19228.083333333332,18869.25,18620.333333333332,19399.0,20588.166666666668,20863.916666666668,21252.25,22526.416666666668,20679.416666666668,22401.75,23118.5,19775.5,21577.416666666668,23399.0,23375.333333333332,23367.75,24393.666666666668,23348.416666666668,23876.666666666668,23904.666666666668,24905.0,24942.083333333332,23912.25,23418.916666666668,25288.5,24263.583333333332,25027.583333333332,25352.416666666668,25521.833333333332,24643.666666666668,24447.666666666668,24719.0,23846.0,24075.416666666668,25767.25,26135.75,25414.75,26099.0,25103.0,25950.916666666668,26001.333333333332,25786.25,25756.75,26225.0,26169.0,26423.75,26083.916666666668,26397.25,26672.666666666668,25711.166666666668,26250.5,25602.416666666668,26594.833333333332,22875.083333333332,25981.5,26626.75,27198.583333333332,28813.5,27405.833333333332,25506.083333333332,27291.5,26480.333333333332,26442.166666666668,26059.666666666668,28129.5,30017.083333333332,24568.416666666668,28527.75,30104.333333333332,28962.25,26022.333333333332,27504.916666666668,29535.666666666668,30306.333333333332,29560.333333333332,27333.666666666668,32086.833333333332,29882.583333333332,29949.0,30050.833333333332,31878.0,31074.75,30734.083333333332,30134.583333333332,28664.666666666668,26591.333333333332,28636.75,28180.083333333332,32555.333333333332,34766.416666666664,30930.416666666668,31404.666666666668,32004.0,32168.0,34652.25,31890.0,33425.083333333336,32907.583333333336,32255.916666666668,32127.416666666668,33918.0,31692.166666666668,34008.25,35981.75,35974.333333333336,31187.666666666668,34451.5,32232.416666666668,31488.583333333332,36045.333333333336,35504.083333333336,36928.583333333336,33783.166666666664,33412.083333333336,32859.166666666664,26505.916666666668,36292.75,36110.666666666664,33536.5,32583.333333333332,30064.416666666668,35624.25,34613.916666666664,31686.25,33518.083333333336,33105.333333333336,34100.083333333336,37180.25,31497.416666666668,37813.666666666664,33084.833333333336,34441.333333333336,34241.75,34693.083333333336,37688.083333333336,38205.333333333336,39759.583333333336,37511.583333333336,34549.166666666664,37766.166666666664,37961.666666666664,32409.833333333332,41056.333333333336,38780.166666666664,38899.75,38940.083333333336
Riverraid,428.8,434.4,2142.4,2436.7,2643.0,2808.0,3279.5,3764.2,5112.3,6168.0,6455.7,6964.7,6908.3,7816.2,7239.6,8229.2,8487.2,8799.3,11105.8,10441.2,11585.0,14125.5,14449.9,16938.1,11907.6,15765.0,17342.1,14757.2,16653.9,14371.9,15173.0,18562.8,14832.7,13325.7,14398.9,14644.8,9770.9,12689.4,16200.2,15110.8,14260.1,15150.6,14682.9,14647.0,17916.9,15965.2,15585.5,14594.2,16007.3,18705.1,14988.1,15880.0,16480.1,15509.2,15349.2,15656.6,15846.1,17643.7,17379.5,18416.1,19576.8,19757.7,21683.2,19960.1,16398.1,15808.2,15170.0,16191.5,14407.9,14844.5,19078.9,15326.9,15789.9,15545.6,15675.0,14577.1,14919.3,16104.7,15876.2,16115.0,17590.4,18650.6,17697.0,16989.1,16031.5,16055.3,14981.2,16732.5,15706.7,17926.0,18401.3,16656.0,18419.0,16473.0,16295.8,19040.9,17020.0,16524.6,15902.4,16067.4,17599.8,20687.6,20468.2,19519.1,20430.5,20794.6,18305.0,21141.9,21283.9,19968.3,20501.7,19074.0,19515.8,20456.1,20247.4,20903.4,20708.3,20649.4,19505.0,18396.8,18122.0,15263.9,19582.7,18578.5,19373.8,20997.8,22315.0,23362.3,21363.1,21824.3,21355.3,20413.9,21511.6,18799.0,20237.0,22424.2,23369.1,23033.0,21066.1,23085.6,19423.5,21943.8,22007.6,22949.2,21049.0,20771.4,22225.5,22776.0,23052.6,20630.3,23350.8,23546.2,23079.3,21958.0,24110.6,23220.2,23388.4,19764.7,23873.3,22505.5,21171.6,23364.3,23146.2,21597.7,22507.1,21712.1,21864.5,21584.8,24585.2,21938.2,23446.7,22983.0,22841.9,23448.2,22503.8,24068.4,23887.3,22142.6,22081.5,21871.0,22412.7,23926.6,22500.5,23731.0,22702.1,22941.2,23482.0,21608.6,22126.4,22985.3,24167.5,22225.0,23579.0,23385.7,22761.6,24024.6,23174.1,22573.4,20738.7,22382.0
RoadRunner,0.0,927.0,4156.0,3639.0,9997.0,13943.0,24183.0,25103.0,27377.0,33095.0,35291.0,37128.0,45840.0,38907.0,35773.0,43558.0,42513.0,51795.0,53991.0,52742.0,53964.0,49591.0,56636.0,58951.0,57933.0,61772.0,59315.0,58072.0,60159.0,61655.0,60147.0,59003.0,67333.0,68855.0,69575.0,69963.0,68855.0,69712.0,76548.0,60049.0,67832.0,90475.0,82733.0,97630.0,99336.0,92366.0,81086.0,94585.0,112479.0,97820.0,111985.0,110200.0,93299.0,98313.0,97524.0,116331.0,150188.0,96435.0,90553.0,104654.0,85943.0,113360.0,153964.0,101504.0,125746.0,124611.0,163657.0,148909.0,120957.0,170764.0,117624.0,134920.0,108596.0,138767.0,209950.0,159715.0,157624.0,133978.0,152015.0,155208.0,163738.0,133652.0,148462.0,209041.0,159912.0,123334.0,135818.0,136587.0,137856.0,111704.0,144951.0,122020.0,167303.0,163621.0,167809.0,120876.0,187823.0,140718.0,142755.0,123345.0,95458.0,139537.0,96036.0,103339.0,103598.0,116163.0,111803.0,115604.0,114234.0,76062.0,124134.0,116654.0,144292.0,133553.0,122484.0,107899.0,115399.0,79809.0,112818.0,106751.0,115270.0,110215.0,138461.0,85448.0,65966.0,72109.0,396383.0,418388.0,510025.0,423420.0,590236.0,528063.0,558970.0,561384.0,450690.0,354243.0,558786.0,246101.0,464939.0,368356.0,432148.0,375488.0,491699.0,523361.0,540655.0,436927.0,532726.0,519321.0,486012.0,559596.0,332363.0,496824.0,502579.0,459965.0,421797.0,494853.0,366776.0,521673.0,503069.0,454765.0,228410.0,331566.0,459186.0,482866.0,325850.0,320961.0,416118.0,265747.0,332923.0,468630.0,478006.0,321231.0,553487.0,452877.0,466305.0,523851.0,222367.0,550484.0,554700.0,523759.0,422575.0,423709.0,520009.0,558657.0,572514.0,570061.0,446325.0,477360.0,529735.0,538824.0,226201.0,496446.0,514116.0,266326.0,271893.0,385952.0,510073.0,377655.0,531355.0,222744.0
Robotank,13.15,15.47,14.1,10.64,16.99,15.54,31.23,32.06,39.01,40.64,36.51,42.07,42.53,41.76,44.81,47.32,54.93,56.32,59.91,60.31,61.65,65.52,69.97,67.64,69.84,71.67,70.17,68.62,68.43,68.85,73.98,70.03,69.03,64.05,68.56,70.06,67.44,67.45,70.09,71.48,66.12,67.87,69.18,72.48,71.97,71.22,71.79,68.67,71.99,69.62,66.56,70.85,67.32,72.96,70.29,65.75,70.89,72.45,63.17,74.46,73.67,74.31,73.67,71.67,73.24,70.51,70.69,71.39,70.47,76.56,72.18,74.87,76.8,75.88,77.97,76.25,77.12,72.79,73.77,74.27,73.38,73.69,74.08,76.31,75.63,74.08,73.83,71.9,73.6,72.1,77.41,73.04,74.52,78.44,72.38,74.0,77.88,72.27,76.61,76.72,73.71,76.84,72.56,71.38,73.48,74.52,76.65,71.94,75.84,76.46,76.93,75.76,76.83,75.14,74.79,72.33,75.58,75.47,76.44,75.16,77.0,76.53,75.54,77.05,75.15,75.24,76.8,77.78,72.3,75.91,76.9,77.44,78.05,73.27,79.26,79.51,79.3,72.99,78.19,76.01,77.19,78.8,77.6,77.17,78.28,75.51,74.73,77.65,77.67,76.93,79.71,78.41,74.08,77.25,77.08,78.38,75.74,76.34,79.05,81.83,78.04,78.54,77.93,78.06,80.73,78.96,77.08,77.23,79.74,82.29,80.81,81.89,81.37,79.81,79.83,79.89,80.4,77.82,80.24,79.69,77.53,80.94,81.43,80.66,77.78,79.57,78.25,82.29,76.34,78.54,77.29,80.62,78.1,81.62,81.54,78.93,79.95,83.42,78.58,77.1
Seaquest,120.0,300.4,327.0,466.8,2290.0,2616.8,2648.4,2686.6,2915.2,3115.4,3173.8,3004.6,3245.8,3331.4,3267.2,3308.4,3299.6,3405.6,3362.0,3497.4,3469.4,3490.8,3466.2,3528.0,3535.0,3541.8,3565.4,3566.0,3562.4,3568.2,3560.4,3564.0,3560.4,3576.2,3502.6,3560.8,3566.6,3545.6,3565.2,3525.8,3430.8,3544.8,3562.2,3556.0,3542.8,3574.2,3585.6,3577.0,3583.4,3587.8,3521.8,3567.4,3600.6,3539.8,3578.2,3601.0,3571.0,3613.6,3604.0,3585.4,3607.4,3423.2,3678.8,3602.4,3615.5,3679.7,3601.1,1907.6,5983.5,11910.5,14202.5,17583.6,19934.8,22224.8,52209.4,50537.1,44738.7,48627.7,82834.6,40818.6,97536.7,99655.6,47154.5,151145.8,124604.2,115638.6,227434.9,54805.1,160501.5,216361.4,66973.5,100729.9,308108.7,100668.1,263004.5,116653.9,238060.0,190045.9,247206.6,193667.9,244008.9,157848.4,96678.8,205769.4,245446.7,234575.1,198161.6,95165.6,255180.8,100423.0,218157.2,246678.4,264753.1,262958.9,310445.7,303232.7,250150.5,221949.0,305728.5,337602.8,298358.0,214769.7,295922.3,308571.4,70775.0,232404.6,274579.4,233790.1,310297.8,246483.4,266294.1,214197.3,364272.3,406467.3,288749.1,77054.0,284169.8,352450.0,260807.8,407281.1,395514.2,260493.3,312456.6,297402.5,237565.2,253096.0,382524.4,320389.9,353660.5,374551.9,282878.7,393944.3,310367.8,279354.5,361411.7,358798.7,270484.2,331083.4,361769.4,376461.8,267262.7,318845.1,339649.0,348526.3,355102.1,373481.7,323925.6,342052.9,340256.6,379687.5,409991.1,300361.8,324797.7,333556.8,344271.8,334322.1,224525.7,207820.1,311347.0,276265.3,342448.3,370005.7,319876.9,328822.1,365513.8,342893.5,346251.7,371759.7,331620.1,357899.1,294013.2,372083.8,360434.1,371908.4,297308.1,371727.1,388011.4,321039.9,356652.6,244428.9
Skiing,-29976.78,-30280.96,-29973.19,-11445.42,-29973.02,-29974.77,-13371.14,-29976.5,-29974.18,-16632.46,-29974.58,-29974.49,-29973.91,-29974.49,-29974.57,-11242.9,-11269.8,-11592.64,-12958.17,-11994.22,-12726.23,-11785.4,-12386.98,-11647.67,-11289.43,-12331.64,-11394.37,-11600.63,-12656.17,-11769.11,-13460.38,-11218.62,-11898.9,-11701.67,-23649.84,-11191.43,-11173.85,-11461.95,-11394.49,-11597.58,-11357.97,-11064.35,-11166.37,-11376.82,-10778.98,-11366.66,-11624.13,-11507.37,-11842.0,-11331.22,-12147.57,-11306.22,-11259.44,-11137.39,-11279.36,-11728.09,-11139.78,-11674.01,-11328.97,-11496.92,-11202.46,-28960.9,-11063.47,-11601.89,-11036.56,-9866.19,-9795.81,-9805.63,-9854.89,-9861.56,-10285.25,-9747.02,-9761.59,-9826.27,-9766.38,-10138.98,-9458.16,-10311.0,-9863.72,-9909.32,-9728.37,-9670.55,-9994.66,-10212.89,-10367.23,-9517.21,-9192.84,-9686.39,-9671.66,-9797.64,-9639.73,-9627.91,-9735.6,-9659.32,-9710.6,-9379.37,-9556.04,-9664.75,-9556.07,-9733.85,-9625.42,-9570.57,-9916.99,-9577.28,-9597.37,-9323.68,-9591.61,-9622.72,-9550.45,-9582.48,-9538.25,-9563.31,-9594.37,-9681.94,-9477.96,-9552.04,-9649.41,-9669.07,-9501.97,-9586.81,-9557.04,-9953.43,-9812.3,-9702.94,-9592.55,-9411.55,-9669.02,-9668.41,-9670.68,-9684.03,-9674.41,-9670.19,-9669.39,-9667.32,-9623.57,-9673.09,-9666.86,-9667.41,-9660.45,-10210.29,-9657.79,-9666.28,-9669.01,-9670.35,-9676.35,-9656.79,-9652.04,-9671.6,-9631.93,-9689.76,-9648.58,-9609.86,-9476.68,-9659.57,-9668.67,-9665.92,-9672.45,-9609.65,-9605.74,-9647.66,-9674.93,-9661.36,-9598.37,-9610.61,-9572.77,-9606.15,-9657.73,-9673.26,-9741.77,-9647.89,-9237.24,-9838.1,-9371.98,-9635.37,-9665.99,-9649.94,-9666.72,-9388.16,-9601.7,-9324.26,-9288.42,-9227.52,-9650.89,-9544.2,-9420.22,-9471.03,-9648.89,-9674.19,-9789.37,-9460.66,-9178.67,-9218.73,-9131.68,-9580.32,-9667.52,-9659.01,-9666.07,-9667.23,-9607.56,-9556.97
Solaris,15.2,100.8,771.8,862.0,1149.6,180.8,717.0,1362.0,1524.0,243.8,604.2,161.4,1382.8,466.6,125.4,603.6,1965.8,1395.6,204.4,1424.2,556.8,427.4,330.2,203.0,2426.8,2280.8,1124.8,528.2,794.6,1039.0,555.4,905.2,1170.8,1213.6,1360.8,907.0,477.6,776.6,787.0,901.6,1915.0,2037.4,2055.4,1660.0,1648.2,1235.6,1345.2,926.0,887.0,937.6,1131.6,1539.8,2061.8,1088.4,1277.0,1539.4,1358.6,1571.4,1476.0,1722.6,1762.4,2095.8,1079.8,1154.6,1134.0,960.6,1393.4,1666.2,3037.4,1560.2,858.4,1349.4,1166.4,1510.8,1136.4,1628.2,875.4,1313.4,1013.4,2151.8,1856.2,1451.4,2449.4,1914.2,1820.8,1911.8,1624.8,2165.0,1988.2,2666.6,2166.2,2466.4,3349.0,3212.2,3090.4,2970.0,3325.6,1979.0,3608.2,2992.4,2555.4,2772.8,2880.2,2697.0,2142.4,3475.4,2993.6,2625.2,2154.2,1645.8,1881.8,3234.2,3596.6,3652.8,4326.8,5630.6,5766.4,4726.6,3296.2,5102.8,5365.4,4074.8,3249.0,2743.8,1857.2,3508.4,3427.0,3569.6,3835.2,4312.4,2049.2,3117.0,6010.2,6160.4,5110.8,3941.8,2781.6,5465.0,3776.0,7006.4,6639.2,4941.6,5687.4,6430.6,5846.0,5967.0,5123.4,3584.8,2913.8,3821.6,1798.8,83.2,0.0,2601.2,3458.0,4556.4,4999.2,5725.0,4697.4,2397.4,7262.0,6801.6,0.0,0.0,5394.0,3903.2,4277.0,5729.6,4995.4,3492.4,5628.8,5845.8,4766.0,4709.0,3834.6,0.0,5362.4,5115.6,2659.8,2134.4,2481.4,2935.2,0.0,3844.6,3370.8,3604.6,3670.0,6759.0,0.0,0.0,6436.2,8198.4,4012.6,5735.6,6186.4,7090.4,5631.8,2856.8,0.0,0.0
SpaceInvaders,157.05,269.0,505.05,611.45,610.5,633.15,608.95,633.5,644.55,680.2,761.8,1094.9,731.45,913.05,1266.8,1733.35,2810.7,2028.0,2523.05,2933.85,2667.75,2491.05,2574.25,2548.25,3000.9,4005.75,6221.5,6437.7,6280.05,10964.9,12820.85,7183.85,7369.05,14986.3,21070.25,29459.6,17948.3,17377.8,12513.35,11155.9,24941.0,16563.75,21181.6,7440.5,38829.8,14999.85,26327.8,24595.25,14227.45,13289.0,29595.8,25856.25,12955.65,15186.6,31228.1,24390.4,28935.85,8344.3,34265.9,28188.35,11244.25,34079.65,17423.65,32610.55,14826.4,20977.5,12762.15,27675.1,16990.8,32224.55,29764.5,22027.75,33435.2,15367.35,9266.0,18756.85,8608.7,27732.2,18438.7,17402.5,37158.35,38685.05,15435.6,34925.85,32361.45,22919.45,9595.0,18774.75,25251.05,33550.95,33719.85,34989.15,26933.0,28231.2,22542.75,14855.15,30016.2,34344.25,34310.65,33689.95,42901.55,22374.0,23111.8,30775.15,33271.8,37041.1,21643.95,20521.65,26697.05,25940.15,30751.75,32551.0,25014.05,17568.85,21237.3,29986.15,23476.2,24709.7,28449.65,28440.45,36774.15,35345.25,35862.6,27918.85,4340.3,10488.65,37400.1,32744.7,31463.2,25428.8,35300.3,47734.55,40271.15,39076.6,28870.55,31526.8,44082.55,46427.9,35573.45,6906.5,29921.55,51031.15,52418.15,35283.1,47487.9,35439.85,37357.55,28895.8,40486.8,27545.65,31444.35,46007.95,50174.3,40549.6,46773.4,34968.05,36274.6,41114.7,5146.55,40593.6,52814.9,26698.95,32236.85,30145.7,33396.0,35997.1,35037.65,41038.2,39165.2,35215.05,53863.4,44875.85,28692.5,35396.35,45560.3,35664.85,35427.85,35803.45,40944.6,36759.1,33443.9,43669.45,49869.65,49289.8,31660.35,49715.45,53061.65,32239.9,39810.55,46612.0,52916.15,34398.4,34670.4,29063.65,40947.7,44596.75,38438.2,34726.85,30627.75,41552.85
StarGunner,26.0,832.0,1292.0,1449.0,2653.0,3217.0,39157.0,53103.0,59269.0,66867.0,70722.0,74622.0,76865.0,79774.0,91721.0,96782.0,111385.0,121701.0,124525.0,136223.0,139095.0,145425.0,151831.0,146661.0,148849.0,145758.0,153866.0,165293.0,174570.0,176068.0,191785.0,173940.0,219496.0,191310.0,194416.0,193044.0,230865.0,230146.0,224320.0,245124.0,232863.0,258593.0,239550.0,235744.0,241687.0,227141.0,262132.0,234201.0,278160.0,273033.0,256381.0,272272.0,259749.0,290636.0,287708.0,267643.0,265583.0,306910.0,244027.0,280986.0,305672.0,277661.0,307327.0,277637.0,276979.0,304004.0,311053.0,258278.0,288135.0,258408.0,321924.0,339896.0,324042.0,311289.0,285753.0,285689.0,339441.0,327230.0,334737.0,322921.0,344983.0,361168.0,348799.0,340667.0,330425.0,333650.0,358845.0,337659.0,294245.0,358264.0,359732.0,311743.0,353728.0,363431.0,335392.0,347352.0,340376.0,311336.0,330868.0,349302.0,365141.0,351303.0,396184.0,368108.0,361813.0,376696.0,373439.0,390337.0,364256.0,371330.0,377602.0,381108.0,381078.0,373246.0,412999.0,390137.0,406903.0,397398.0,376662.0,397513.0,377898.0,433539.0,349390.0,363192.0,370694.0,406789.0,406382.0,432807.0,439389.0,459058.0,457626.0,409955.0,457288.0,459575.0,440861.0,472290.0,437614.0,458577.0,493276.0,486673.0,479676.0,461740.0,459605.0,470852.0,430491.0,459937.0,499215.0,494956.0,461622.0,434119.0,505536.0,486743.0,470539.0,509412.0,527697.0,515685.0,477548.0,461480.0,443899.0,526357.0,538404.0,485658.0,512569.0,515481.0,520244.0,514604.0,513865.0,527575.0,487644.0,528347.0,523556.0,487482.0,506981.0,486941.0,522207.0,526877.0,527631.0,498342.0,495285.0,536190.0,494758.0,543381.0,508807.0,546350.0,547001.0,458923.0,530994.0,564039.0,571748.0,536361.0,554854.0,574106.0,541722.0,530850.0,554376.0,566362.0,527187.0,563733.0,563663.0,478095.0
Tennis,-0.16,-24.0,-23.6,-23.12,-17.64,-21.82,-18.33,-0.29,2.68,-0.76,-0.25,2.47,4.41,22.8,23.24,23.76,23.37,21.49,20.96,22.32,22.88,21.39,21.26,22.97,22.48,22.64,22.55,23.04,23.36,22.63,22.28,23.01,22.41,23.2,23.32,23.53,23.16,22.66,23.17,23.22,21.63,22.88,23.03,23.05,23.05,22.92,23.52,22.61,23.57,23.04,22.94,22.52,22.75,22.91,22.96,23.04,22.76,23.59,23.44,23.07,23.22,23.19,23.28,23.51,23.59,23.4,23.42,23.53,23.62,23.53,23.41,23.31,23.63,23.58,23.39,23.56,23.39,23.5,23.43,23.56,23.08,23.55,23.58,23.42,23.46,23.58,23.54,23.59,23.3,23.26,23.42,23.66,23.7,23.46,23.54,23.59,23.37,23.55,23.69,23.45,23.58,23.32,23.55,23.45,23.64,23.63,23.51,23.05,23.53,23.49,23.55,23.52,23.51,23.51,23.6,23.56,23.39,23.51,23.63,23.43,23.37,23.49,23.61,23.61,23.31,23.43,23.78,23.69,23.41,23.82,23.57,23.69,23.59,23.68,23.39,23.8,23.76,23.66,23.77,23.73,23.82,23.77,23.82,23.72,23.86,23.77,23.74,23.85,23.86,23.67,23.8,23.79,23.71,23.86,23.71,23.82,23.62,23.74,23.63,23.91,23.65,23.78,23.69,23.79,23.58,23.65,23.75,23.78,23.86,23.82,23.73,23.8,23.89,23.79,23.78,23.72,23.78,23.84,23.72,23.84,23.7,23.87,23.79,23.78,23.74,23.77,23.75,23.67,23.71,23.64,23.81,23.67,23.76,23.76,23.77,23.82,23.71,23.73,23.73,23.81
TimePilot,484.0,457.0,1759.0,1378.0,813.0,1486.0,972.0,1177.0,2430.0,5404.0,5982.0,5695.0,5938.0,6249.0,7949.0,11169.0,12092.0,11984.0,14009.0,13133.0,14568.0,14691.0,17380.0,16425.0,18666.0,18217.0,19683.0,18613.0,19867.0,22153.0,25547.0,27427.0,29496.0,32994.0,30237.0,31311.0,29308.0,33126.0,29776.0,31694.0,33319.0,35432.0,38170.0,38369.0,37167.0,31501.0,36932.0,38125.0,38384.0,42245.0,37722.0,37108.0,44610.0,40294.0,42210.0,41189.0,42736.0,47327.0,40003.0,40229.0,36540.0,51400.0,40913.0,44562.0,47492.0,47223.0,51080.0,39850.0,43776.0,52909.0,43724.0,51501.0,47041.0,50506.0,47263.0,50233.0,56056.0,46673.0,47042.0,50410.0,59158.0,62078.0,55187.0,50911.0,59315.0,57663.0,50409.0,59924.0,59383.0,52182.0,59689.0,53347.0,69492.0,63102.0,56969.0,58565.0,60411.0,69073.0,66360.0,55742.0,59819.0,53361.0,71532.0,58580.0,63803.0,65593.0,66297.0,67428.0,65733.0,69386.0,62806.0,75717.0,65438.0,65882.0,67029.0,67255.0,73263.0,65374.0,70368.0,69525.0,70225.0,67761.0,75317.0,73788.0,65732.0,64987.0,74889.0,74920.0,78723.0,80928.0,85400.0,66221.0,77983.0,68455.0,75674.0,71951.0,74475.0,81744.0,77810.0,77634.0,88296.0,91974.0,93231.0,77182.0,81374.0,77473.0,94086.0,85448.0,84444.0,75242.0,88947.0,84562.0,67517.0,82461.0,77428.0,90055.0,84643.0,98980.0,77789.0,77966.0,82430.0,95232.0,83290.0,85739.0,102900.0,85077.0,88743.0,86419.0,83216.0,68667.0,75177.0,91250.0,88308.0,91854.0,93950.0,71792.0,95995.0,97262.0,99722.0,94859.0,101211.0,97867.0,94498.0,99021.0,80597.0,105015.0,88211.0,99765.0,108785.0,102670.0,101520.0,98147.0,91422.0,110981.0,93776.0,95751.0,97090.0,92936.0,102344.0,103499.0
Tutankham,3.37,86.47,94.92,125.82,147.73,157.87,170.15,167.65,170.77,169.13,65.97,174.6,147.51,165.92,160.99,199.41,68.13,5.79,160.52,194.9,186.85,182.2,162.92,81.82,51.71,184.24,185.46,219.5,99.66,217.46,183.11,170.1,197.52,204.2,197.69,139.0,95.16,143.75,139.35,197.76,234.01,225.71,224.47,150.72,180.6,170.56,190.98,227.3,219.02,197.77,204.16,110.76,97.93,218.11,217.04,194.8,207.84,216.82,184.17,202.23,225.51,224.64,231.23,232.95,233.79,194.24,58.67,222.63,195.78,225.38,193.86,218.42,211.62,107.94,202.34,218.1,236.53,231.95,226.7,204.73,191.97,219.31,215.27,232.78,238.31,248.17,255.97,120.52,237.97,229.71,231.23,206.11,224.0,159.41,159.42,201.78,229.54,234.0,227.49,242.4,245.08,236.91,234.78,238.69,233.1,237.24,228.42,212.31,182.38,235.15,241.91,236.32,211.76,214.67,221.19,237.17,219.05,233.04,233.59,237.75,238.14,200.95,227.32,237.74,219.56,232.57,228.41,244.19,142.96,229.62,241.08,247.27,251.08,244.5,216.93,185.11,239.94,247.05,238.94,255.83,241.58,246.22,217.68,256.13,254.87,246.53,251.73,251.66,212.32,226.59,228.02,280.8,258.7,284.57,292.8,251.12,241.24,249.03,270.06,270.01,258.43,266.74,231.15,188.02,278.87,285.67,269.57,281.09,188.35,235.76,252.04,230.46,288.02,231.74,284.29,298.93,253.47,183.39,307.9,301.74,307.82,314.52,293.12,294.92,240.31,243.17,283.95,281.78,299.85,261.8,296.26,256.85,296.51,306.56,305.24,264.97,129.99,238.83,295.25,296.0
UpNDown,48.4,589.5,39.6,90399.0,5449.5,8901.0,154317.1,26820.5,160767.4,37267.0,94221.0,207966.3,176949.4,202750.6,20991.7,88503.9,198172.0,212945.0,43020.0,273263.6,176410.3,277488.1,285778.9,294786.2,270429.8,219204.8,244989.3,244797.4,309687.8,59684.9,232126.7,251109.0,322557.9,278827.8,236351.5,318820.7,312091.3,297413.9,127464.4,305448.5,135832.4,268771.7,287700.1,303679.0,322108.5,270267.9,87662.9,223080.2,196175.5,310228.2,322729.2,276832.8,213503.0,334949.9,140555.2,284283.3,323806.0,311554.3,222118.9,140387.1,337973.6,307724.3,332452.3,146034.7,157397.6,339842.8,305246.2,290704.2,331791.0,336501.3,304784.1,306092.8,209609.3,257751.8,262005.4,327324.3,267751.9,313724.1,188489.7,145220.0,266558.9,247571.5,317482.5,91961.6,200219.4,137760.8,299555.8,219833.0,187800.8,262432.0,222365.6,305967.1,308212.8,329741.7,240203.9,270631.4,336757.4,194329.3,330946.7,293800.0,371260.6,367165.8,355004.5,274366.4,320872.2,336162.2,350472.1,190635.1,307192.7,306080.6,258595.8,364842.2,318796.6,279018.8,179827.5,202199.0,363092.4,346047.7,38288.9,264693.9,344539.8,317199.5,322555.5,272498.9,362762.6,231451.0,248435.9,344782.8,369631.0,373628.4,319995.7,346293.6,257300.0,219546.3,100229.6,382565.6,377325.9,321380.8,372513.0,381153.9,378554.5,372536.8,387816.8,317125.8,346124.8,347424.6,346720.7,355041.5,381896.0,365013.5,323190.6,375309.0,320252.0,356761.2,360243.9,389713.4,354153.5,375429.4,326377.2,314580.7,373235.6,397875.9,379111.2,326834.4,379289.0,377363.2,380823.1,366031.7,280226.2,364287.7,382961.9,393939.3,315306.4,344873.9,392589.2,361996.0,390326.2,358595.7,368966.4,381044.6,225071.6,379558.7,334948.7,325175.0,222433.1,301412.7,354535.7,376663.9,378445.6,323487.6,385270.8,354102.0,393527.7,355717.2,252434.9,330964.1,377296.3,244723.4,376574.0,378356.1
Venture,0.0,0.0,0.0,0.0,0.0,0.0,0.0,0.0,0.0,0.0,0.0,0.0,0.0,0.0,0.0,0.0,0.0,0.0,0.0,0.0,0.0,0.0,0.0,0.0,0.0,0.0,0.0,0.0,0.0,0.0,0.0,0.0,0.0,0.0,0.0,0.0,0.0,0.0,0.0,0.0,0.0,0.0,0.0,0.0,0.0,0.0,0.0,0.0,0.0,0.0,0.0,0.0,0.0,0.0,0.0,0.0,0.0,0.0,0.0,0.0,0.0,0.0,0.0,0.0,0.0,0.0,0.0,0.0,0.0,0.0,0.0,0.0,0.0,0.0,0.0,0.0,0.0,0.0,0.0,0.0,0.0,0.0,0.0,0.0,0.0,0.0,0.0,0.0,0.0,0.0,0.0,0.0,0.0,0.0,0.0,0.0,0.0,0.0,0.0,0.0,0.0,0.0,0.0,0.0,0.0,0.0,0.0,0.0,0.0,0.0,0.0,0.0,0.0,0.0,0.0,0.0,0.0,0.0,0.0,0.0,0.0,0.0,0.0,0.0,0.0,0.0,0.0,0.0,0.0,0.0,0.0,0.0,0.0,0.0,0.0,0.0,0.0,0.0,0.0,0.0,0.0,0.0,0.0,0.0,0.0,0.0,0.0,0.0,0.0,0.0,0.0,0.0,0.0,0.0,0.0,0.0,0.0,0.0,0.0,0.0,0.0,0.0,0.0,0.0,0.0,0.0,0.0,0.0,0.0,0.0,0.0,0.0,0.0,0.0,0.0,0.0,0.0,0.0,0.0,0.0,0.0,0.0,0.0,0.0,0.0,0.0,0.0,0.0,0.0,0.0,0.0,0.0,0.0,0.0,0.0,0.0,0.0,0.0,0.0,0.0
VideoPinball,151.33,2667.54,0.0,0.0,4.0,2350.98,6113.27,7168.37,2239.99,6587.9,24920.47,27432.02,93579.69,313266.81,263602.32,237694.25,111797.75,31679.92,225461.71,519354.64,290122.08,463983.86,415990.81,419464.39,317826.83,517202.04,357250.18,527565.95,546195.36,427002.79,311108.91,475328.15,532205.02,396918.44,516401.31,520658.29,48023.56,153071.92,522491.42,154050.72,282445.82,247021.03,470114.18,295088.36,160746.82,393479.42,589065.72,562561.62,453795.53,520273.43,504717.86,495467.2,436691.67,470878.27,445503.9,384340.07,180338.41,429992.45,394245.62,578816.46,470262.9,526186.23,539385.94,337163.66,584155.22,360233.15,522685.45,498064.73,539468.36,328473.97,485807.67,314167.81,193654.73,496523.1,337285.16,397235.67,453189.42,421125.87,453117.85,481166.28,561554.21,555192.72,527764.84,126144.38,470452.26,523994.76,480920.04,511282.65,497803.56,336152.63,413927.94,386082.72,497540.13,477851.23,458597.44,519512.89,485390.65,514251.39,515225.37,433141.6,538581.99,421781.36,495430.61,515113.13,395944.99,579795.34,512320.73,186149.21,227093.94,487092.57,434339.05,477596.67,329197.07,412150.0,424341.63,457443.23,440091.56,469261.05,487449.9,473059.0,482036.85,538683.0,521035.42,183102.18,403222.14,484511.48,371298.76,483347.05,476606.47,293624.99,374392.82,433781.27,405767.03,472145.37,468114.65,441023.25,437506.41,496272.52,306299.65,481421.77,428906.78,489338.41,418851.32,457070.13,476149.78,274218.5,251696.8,493831.4,461251.56,502491.39,408969.25,358286.48,40989.63,486857.54,535953.23,485153.24,478760.42,411848.43,354915.64,308278.42,500872.12,498278.95,499310.65,386734.91,226237.75,459987.02,307864.78,442889.68,482165.66,0.0,456109.1110130857,429345.2706632632,414670.6209773131,409454.276029268,392126.38570128893,413298.22468476347,384195.3995283499,435289.62663466507,448636.12737280806,445075.43659823947,416442.74704386963,422980.60585177806,448686.8554871925,376538.4025245272,396232.9264053782,397164.70168380794,421760.63038859685,450117.8490081304,371836.75250349584,383724.58110137796,422786.4438721924,405515.2049922149,425276.45654100506,421854.69822455733,412432.62240045867,408741.5200001155,425505.0926037636,370356.92003541434,427441.2357556673,404156.66499855695
WizardOfWor,1.0,149.0,389.0,224.0,427.0,118.0,585.0,1195.0,1835.0,550.0,1923.0,2988.0,3479.0,2515.0,2920.0,7965.0,7791.0,7330.0,9575.0,9876.0,8760.0,6801.0,6767.0,8345.0,12409.0,10782.0,12873.0,19156.0,13260.0,14130.0,12797.0,13859.0,15849.0,13506.0,14607.0,14456.0,12948.0,14242.0,15134.0,17767.0,13883.0,13164.0,14847.0,13465.0,16568.0,15351.0,15744.0,17001.0,19780.0,20202.0,25540.0,21062.0,21539.0,16799.0,21331.0,23471.0,19042.0,21284.0,21503.0,20783.0,27495.0,22588.0,22350.0,25983.0,24017.0,22529.0,20152.0,26475.0,29376.0,30840.0,21644.0,24524.0,31868.0,28175.0,27207.0,33963.0,28454.0,28523.0,30080.0,33273.0,32032.0,27703.0,31953.0,26188.0,29844.0,30530.0,27871.0,32688.0,32237.0,32428.0,33844.0,29093.0,29283.0,26425.0,30869.0,32677.0,33492.0,38417.0,35765.0,31130.0,34837.0,31168.0,36816.0,41918.0,33774.0,33695.0,31333.0,29030.0,37250.0,39042.0,42359.0,37839.0,35888.0,32969.0,34564.0,39235.0,35445.0,36841.0,39829.0,39006.0,36117.0,37764.0,42974.0,39383.0,41283.0,43327.0,38695.0,45550.0,43999.0,41764.0,35883.0,37839.0,30749.0,32209.0,39210.0,36334.0,40182.0,37241.0,42990.0,40920.0,38748.0,45307.0,39465.0,40241.0,44291.0,45240.0,32584.0,36343.0,34445.0,40658.0,38262.0,42814.0,37949.0,40361.0,46499.0,38960.0,40611.0,43133.0,41112.0,45624.0,50828.0,45494.0,40720.0,49073.0,42505.0,39211.0,35924.0,40076.0,42700.0,49235.0,45938.0,39619.0,40516.0,45612.0,41727.0,35998.0,42295.0,42949.0,39471.0,46539.0,43045.0,42869.0,44176.0,41197.0,45564.0,40024.0,40176.0,41986.0,44550.0,45719.0,44943.0,42061.0,40844.0,44454.0,41951.0,40823.0,41806.0,47459.0,42892.0,42570.0
YarsRevenge,198.72,4514.73,4522.74,4230.61,7511.58,8620.27,7558.18,7869.74,12052.06,12145.38,16996.61,13599.28,15968.19,20641.96,13931.9,13546.2,16833.55,11457.14,15267.06,11417.32,12460.1,14576.83,14790.5,23934.3,14637.98,16703.89,25321.81,26860.94,18842.87,33968.43,33452.85,35602.31,31088.47,45371.78,42117.21,47575.96,41275.94,48958.68,44427.53,81894.83,43775.04,82736.69,85735.7,83176.47,91925.01,87907.67,81641.4,88210.03,103443.77,111655.41,110292.31,113752.93,88805.09,79258.19,101210.95,114063.36,122312.42,112397.56,115771.78,105092.43,96406.11,116210.66,107728.02,125307.25,118156.48,128388.89,107592.45,136392.26,100277.94,134422.3,137456.24,141105.32,137164.21,119971.36,120310.58,122725.52,133662.62,121483.48,135637.61,140708.63,142435.78,132087.6,129458.86,138584.99,143103.0,140110.31,101502.64,132076.3,144882.03,140078.2,144846.52,142692.84,130384.93,140608.19,130195.1,131567.97,140024.56,143057.27,125076.2,144116.01,143753.51,133316.52,113466.68,144498.57,90279.62,104017.28,137085.85,128069.9,106832.84,126803.22,143798.17,135012.32,145837.1,141557.81,125697.68,117482.19,124129.92,146039.93,141422.13,142204.09,134286.52,149752.71,141702.04,145310.76,145545.48,145807.25,155053.74,145887.68,144621.7,151033.07,150114.17,147262.41,133929.32,139497.2,143802.89,129769.3,151973.89,119807.79,137672.35,149403.74,156368.84,146864.36,147528.34,149013.68,144719.52,152891.32,135391.3,154053.99,151302.91,156329.28,141691.79,155050.59,158479.32,144494.37,150367.04,137785.98,126387.99,152817.77,133518.48,143473.07,156022.76,156205.06,157515.13,155604.39,154972.88,152938.74,153819.93,155161.69,157066.16,153313.81,159431.87,145674.65,149004.74,149845.99,154107.0,141736.43,152525.41,150510.5,130824.05,154828.74,152875.87,147423.77,133537.31,157487.72,158448.76,157085.23,151425.98,139092.66,154672.23,159723.25,153860.95,140904.79,158181.21,148370.15,159358.64,150353.54,160147.91,177430.96,155450.49,157148.3
Zaxxon,0.0,0.0,0.0,0.0,0.0,0.0,0.0,0.0,0.0,264.0,2368.0,6523.0,7720.0,4095.0,11334.0,9735.0,13986.0,13880.0,10617.0,14219.0,14800.0,15758.0,14834.0,16181.0,14818.0,16084.0,16113.0,14807.0,14827.0,15928.0,15398.0,15596.0,17720.0,16721.0,17383.0,17447.0,22019.0,23706.0,22031.0,25532.0,26728.0,24542.0,26492.0,26546.0,27823.0,28618.0,29996.0,28313.0,30161.0,31013.0,35297.0,31810.0,34364.0,35102.0,34840.0,34568.0,36067.0,35965.0,37070.0,34005.0,37099.0,36570.0,37088.0,39806.0,39732.0,39623.0,37347.0,34872.0,39570.0,34583.0,39206.0,35192.0,39474.0,40448.0,37800.0,36051.0,41082.0,37805.0,39924.0,43504.0,39979.0,41730.0,38122.0,40012.0,41097.0,38371.0,41299.0,40287.0,39043.0,39401.0,43248.0,39329.0,38662.0,39840.0,39274.0,39497.0,42445.0,37810.0,37957.0,42617.0,36880.0,39269.0,33045.0,41782.0,39778.0,37560.0,38861.0,38086.0,36876.0,39694.0,40465.0,36964.0,37581.0,42250.0,41829.0,41007.0,41404.0,41604.0,43127.0,42251.0,44100.0,42124.0,44495.0,38863.0,38544.0,44660.0,42637.0,42074.0,44761.0,43234.0,40634.0,41207.0,38407.0,41526.0,41507.0,42845.0,39830.0,43769.0,39532.0,40628.0,41672.0,39487.0,43112.0,46413.0,44538.0,40471.0,42036.0,43882.0,40412.0,43064.0,41245.0,43495.0,42736.0,40161.0,41602.0,45943.0,45079.0,43869.0,41876.0,43079.0,43896.0,40908.0,37806.0,43627.0,41647.0,42734.0,40408.0,39882.0,44717.0,42825.0,42263.0,40151.0,42487.0,41224.0,43765.0,41655.0,43558.0,44584.0,47096.0,42127.0,42087.0,43593.0,43808.0,44227.0,42716.0,39984.0,46252.0,45518.0,44277.0,41533.0,44229.0,45459.0,43807.0,46126.0,43118.0,41982.0,45180.0,44720.0,42298.0,40525.0
